-- phpMyAdmin SQL Dump
-- version 4.9.0.1
-- https://www.phpmyadmin.net/
--
-- Host: 127.0.0.1
-- Generation Time: Oct 14, 2019 at 07:30 PM
-- Server version: 10.4.6-MariaDB
-- PHP Version: 7.3.9

SET SQL_MODE = "NO_AUTO_VALUE_ON_ZERO";
SET AUTOCOMMIT = 0;
START TRANSACTION;
SET time_zone = "+00:00";


/*!40101 SET @OLD_CHARACTER_SET_CLIENT=@@CHARACTER_SET_CLIENT */;
/*!40101 SET @OLD_CHARACTER_SET_RESULTS=@@CHARACTER_SET_RESULTS */;
/*!40101 SET @OLD_COLLATION_CONNECTION=@@COLLATION_CONNECTION */;
/*!40101 SET NAMES utf8mb4 */;

--
-- Database: `homestead`
--

-- --------------------------------------------------------

--
-- Table structure for table `lgas`
--

CREATE TABLE `lgas` (
  `id` int(10) UNSIGNED NOT NULL,
  `name` varchar(255) COLLATE utf8mb4_unicode_ci NOT NULL,
  `state_id` int(10) UNSIGNED NOT NULL,
  `created_at` timestamp NULL DEFAULT NULL,
  `updated_at` timestamp NULL DEFAULT NULL
) ENGINE=InnoDB DEFAULT CHARSET=utf8mb4 COLLATE=utf8mb4_unicode_ci;

--
-- Dumping data for table `lgas`
--

INSERT INTO `lgas` (`id`, `name`, `state_id`, `created_at`, `updated_at`) VALUES
(1, 'Aba North', 1, '2019-09-29 20:07:01', '2019-09-29 20:07:01'),
(2, 'Aba South', 1, '2019-09-29 20:07:01', '2019-09-29 20:07:01'),
(3, 'Arochukwu', 1, '2019-09-29 20:07:01', '2019-09-29 20:07:01'),
(4, 'Bende', 1, '2019-09-29 20:07:01', '2019-09-29 20:07:01'),
(5, 'Ikwuano', 1, '2019-09-29 20:07:01', '2019-09-29 20:07:01'),
(6, 'Isiala Ngwa North', 1, '2019-09-29 20:07:01', '2019-09-29 20:07:01'),
(7, 'Isiala Ngwa South', 1, '2019-09-29 20:07:01', '2019-09-29 20:07:01'),
(8, 'Isuikwuato', 1, '2019-09-29 20:07:01', '2019-09-29 20:07:01'),
(9, 'Obi Ngwa', 1, '2019-09-29 20:07:01', '2019-09-29 20:07:01'),
(10, 'Ohafia', 1, '2019-09-29 20:07:01', '2019-09-29 20:07:01'),
(11, 'Osisioma', 1, '2019-09-29 20:07:01', '2019-09-29 20:07:01'),
(12, 'Ugwunagbo', 1, '2019-09-29 20:07:01', '2019-09-29 20:07:01'),
(13, 'Ukwa East', 1, '2019-09-29 20:07:01', '2019-09-29 20:07:01'),
(14, 'Ukwa West', 1, '2019-09-29 20:07:01', '2019-09-29 20:07:01'),
(15, 'Umuahia North', 1, '2019-09-29 20:07:01', '2019-09-29 20:07:01'),
(16, 'Umuahia South', 1, '2019-09-29 20:07:01', '2019-09-29 20:07:01'),
(17, 'Umu Nneochi', 1, '2019-09-29 20:07:01', '2019-09-29 20:07:01'),
(18, 'Demsa', 2, '2019-09-29 20:07:01', '2019-09-29 20:07:01'),
(19, 'Fufure', 2, '2019-09-29 20:07:01', '2019-09-29 20:07:01'),
(20, 'Ganye', 2, '2019-09-29 20:07:01', '2019-09-29 20:07:01'),
(21, 'Gayuk', 2, '2019-09-29 20:07:01', '2019-09-29 20:07:01'),
(22, 'Gombi', 2, '2019-09-29 20:07:01', '2019-09-29 20:07:01'),
(23, 'Grie', 2, '2019-09-29 20:07:01', '2019-09-29 20:07:01'),
(24, 'Hong', 2, '2019-09-29 20:07:01', '2019-09-29 20:07:01'),
(25, 'Jada', 2, '2019-09-29 20:07:01', '2019-09-29 20:07:01'),
(26, 'Lamurde', 2, '2019-09-29 20:07:01', '2019-09-29 20:07:01'),
(27, 'Madagali', 2, '2019-09-29 20:07:01', '2019-09-29 20:07:01'),
(28, 'Maiha', 2, '2019-09-29 20:07:01', '2019-09-29 20:07:01'),
(29, 'Mayo Belwa', 2, '2019-09-29 20:07:01', '2019-09-29 20:07:01'),
(30, 'Michika', 2, '2019-09-29 20:07:01', '2019-09-29 20:07:01'),
(31, 'Mubi North', 2, '2019-09-29 20:07:01', '2019-09-29 20:07:01'),
(32, 'Mubi South', 2, '2019-09-29 20:07:01', '2019-09-29 20:07:01'),
(33, 'Numan', 2, '2019-09-29 20:07:01', '2019-09-29 20:07:01'),
(34, 'Shelleng', 2, '2019-09-29 20:07:01', '2019-09-29 20:07:01'),
(35, 'Song', 2, '2019-09-29 20:07:01', '2019-09-29 20:07:01'),
(36, 'Toungo', 2, '2019-09-29 20:07:01', '2019-09-29 20:07:01'),
(37, 'Yola North', 2, '2019-09-29 20:07:01', '2019-09-29 20:07:01'),
(38, 'Yola South', 2, '2019-09-29 20:07:01', '2019-09-29 20:07:01'),
(39, 'Abak', 3, '2019-09-29 20:07:01', '2019-09-29 20:07:01'),
(40, 'Eastern Obolo', 3, '2019-09-29 20:07:01', '2019-09-29 20:07:01'),
(41, 'Eket', 3, '2019-09-29 20:07:01', '2019-09-29 20:07:01'),
(42, 'Esit Eket', 3, '2019-09-29 20:07:01', '2019-09-29 20:07:01'),
(43, 'Essien Udim', 3, '2019-09-29 20:07:01', '2019-09-29 20:07:01'),
(44, 'Etim Ekpo', 3, '2019-09-29 20:07:01', '2019-09-29 20:07:01'),
(45, 'Etinan', 3, '2019-09-29 20:07:01', '2019-09-29 20:07:01'),
(46, 'Ibeno', 3, '2019-09-29 20:07:01', '2019-09-29 20:07:01'),
(47, 'Ibesikpo Asutan', 3, '2019-09-29 20:07:01', '2019-09-29 20:07:01'),
(48, 'Ibiono-Ibom', 3, '2019-09-29 20:07:01', '2019-09-29 20:07:01'),
(49, 'Ika', 3, '2019-09-29 20:07:01', '2019-09-29 20:07:01'),
(50, 'Ikono', 3, '2019-09-29 20:07:01', '2019-09-29 20:07:01'),
(51, 'Ikot Abasi', 3, '2019-09-29 20:07:01', '2019-09-29 20:07:01'),
(52, 'Ikot Ekpene', 3, '2019-09-29 20:07:01', '2019-09-29 20:07:01'),
(53, 'Ini', 3, '2019-09-29 20:07:01', '2019-09-29 20:07:01'),
(54, 'Itu', 3, '2019-09-29 20:07:01', '2019-09-29 20:07:01'),
(55, 'Mbo', 3, '2019-09-29 20:07:01', '2019-09-29 20:07:01'),
(56, 'Mkpat-Enin', 3, '2019-09-29 20:07:01', '2019-09-29 20:07:01'),
(57, 'Nsit-Atai', 3, '2019-09-29 20:07:02', '2019-09-29 20:07:02'),
(58, 'Nsit-Ibom', 3, '2019-09-29 20:07:02', '2019-09-29 20:07:02'),
(59, 'Nsit-Ubium', 3, '2019-09-29 20:07:02', '2019-09-29 20:07:02'),
(60, 'Obot Akara', 3, '2019-09-29 20:07:02', '2019-09-29 20:07:02'),
(61, 'Okobo', 3, '2019-09-29 20:07:02', '2019-09-29 20:07:02'),
(62, 'Onna', 3, '2019-09-29 20:07:02', '2019-09-29 20:07:02'),
(63, 'Oron', 3, '2019-09-29 20:07:02', '2019-09-29 20:07:02'),
(64, 'Oruk Anam', 3, '2019-09-29 20:07:02', '2019-09-29 20:07:02'),
(65, 'Udung-Uko', 3, '2019-09-29 20:07:02', '2019-09-29 20:07:02'),
(66, 'Ukanafun', 3, '2019-09-29 20:07:02', '2019-09-29 20:07:02'),
(67, 'Uruan', 3, '2019-09-29 20:07:02', '2019-09-29 20:07:02'),
(68, 'Urue-Offong/Oruko', 3, '2019-09-29 20:07:02', '2019-09-29 20:07:02'),
(69, 'Uyo', 3, '2019-09-29 20:07:02', '2019-09-29 20:07:02'),
(70, 'Aguata', 4, '2019-09-29 20:07:02', '2019-09-29 20:07:02'),
(71, 'Anambra East', 4, '2019-09-29 20:07:02', '2019-09-29 20:07:02'),
(72, 'Anambra West', 4, '2019-09-29 20:07:02', '2019-09-29 20:07:02'),
(73, 'Anaocha', 4, '2019-09-29 20:07:02', '2019-09-29 20:07:02'),
(74, 'Awka North', 4, '2019-09-29 20:07:02', '2019-09-29 20:07:02'),
(75, 'Awka South', 4, '2019-09-29 20:07:02', '2019-09-29 20:07:02'),
(76, 'Ayamelum', 4, '2019-09-29 20:07:02', '2019-09-29 20:07:02'),
(77, 'Dunukofia', 4, '2019-09-29 20:07:02', '2019-09-29 20:07:02'),
(78, 'Ekwusigo', 4, '2019-09-29 20:07:02', '2019-09-29 20:07:02'),
(79, 'Idemili North', 4, '2019-09-29 20:07:02', '2019-09-29 20:07:02'),
(80, 'Idemili South', 4, '2019-09-29 20:07:02', '2019-09-29 20:07:02'),
(81, 'Ihiala', 4, '2019-09-29 20:07:02', '2019-09-29 20:07:02'),
(82, 'Njikoka', 4, '2019-09-29 20:07:02', '2019-09-29 20:07:02'),
(83, 'Nnewi North', 4, '2019-09-29 20:07:02', '2019-09-29 20:07:02'),
(84, 'Nnewi South', 4, '2019-09-29 20:07:02', '2019-09-29 20:07:02'),
(85, 'Ogbaru', 4, '2019-09-29 20:07:02', '2019-09-29 20:07:02'),
(86, 'Onitsha North', 4, '2019-09-29 20:07:02', '2019-09-29 20:07:02'),
(87, 'Onitsha South', 4, '2019-09-29 20:07:02', '2019-09-29 20:07:02'),
(88, 'Orumba North', 4, '2019-09-29 20:07:02', '2019-09-29 20:07:02'),
(89, 'Orumba South', 4, '2019-09-29 20:07:02', '2019-09-29 20:07:02'),
(90, 'Oyi', 4, '2019-09-29 20:07:02', '2019-09-29 20:07:02'),
(91, 'Alkaleri', 5, '2019-09-29 20:07:02', '2019-09-29 20:07:02'),
(92, 'Bauchi', 5, '2019-09-29 20:07:02', '2019-09-29 20:07:02'),
(93, 'Bogoro', 5, '2019-09-29 20:07:02', '2019-09-29 20:07:02'),
(94, 'Damban', 5, '2019-09-29 20:07:02', '2019-09-29 20:07:02'),
(95, 'Darazo', 5, '2019-09-29 20:07:02', '2019-09-29 20:07:02'),
(96, 'Dass', 5, '2019-09-29 20:07:02', '2019-09-29 20:07:02'),
(97, 'Gamawa', 5, '2019-09-29 20:07:02', '2019-09-29 20:07:02'),
(98, 'Ganjuwa', 5, '2019-09-29 20:07:02', '2019-09-29 20:07:02'),
(99, 'Giade', 5, '2019-09-29 20:07:02', '2019-09-29 20:07:02'),
(100, 'Itas/Gadau', 5, '2019-09-29 20:07:02', '2019-09-29 20:07:02'),
(101, 'Jama\'are', 5, '2019-09-29 20:07:02', '2019-09-29 20:07:02'),
(102, 'Katagum', 5, '2019-09-29 20:07:02', '2019-09-29 20:07:02'),
(103, 'Kirfi', 5, '2019-09-29 20:07:02', '2019-09-29 20:07:02'),
(104, 'Misau', 5, '2019-09-29 20:07:02', '2019-09-29 20:07:02'),
(105, 'Ningi', 5, '2019-09-29 20:07:02', '2019-09-29 20:07:02'),
(106, 'Shira', 5, '2019-09-29 20:07:02', '2019-09-29 20:07:02'),
(107, 'Tafawa Balewa', 5, '2019-09-29 20:07:02', '2019-09-29 20:07:02'),
(108, 'Toro', 5, '2019-09-29 20:07:02', '2019-09-29 20:07:02'),
(109, 'Warji', 5, '2019-09-29 20:07:02', '2019-09-29 20:07:02'),
(110, 'Zaki', 5, '2019-09-29 20:07:02', '2019-09-29 20:07:02'),
(111, 'Brass', 6, '2019-09-29 20:07:02', '2019-09-29 20:07:02'),
(112, 'Ekeremor', 6, '2019-09-29 20:07:02', '2019-09-29 20:07:02'),
(113, 'Kolokuma/Opokuma', 6, '2019-09-29 20:07:02', '2019-09-29 20:07:02'),
(114, 'Nembe', 6, '2019-09-29 20:07:02', '2019-09-29 20:07:02'),
(115, 'Ogbia', 6, '2019-09-29 20:07:02', '2019-09-29 20:07:02'),
(116, 'Sagbama', 6, '2019-09-29 20:07:02', '2019-09-29 20:07:02'),
(117, 'Southern Ijaw', 6, '2019-09-29 20:07:02', '2019-09-29 20:07:02'),
(118, 'Yenagoa', 6, '2019-09-29 20:07:02', '2019-09-29 20:07:02'),
(119, 'Agatu', 7, '2019-09-29 20:07:02', '2019-09-29 20:07:02'),
(120, 'Apa', 7, '2019-09-29 20:07:02', '2019-09-29 20:07:02'),
(121, 'Ado', 7, '2019-09-29 20:07:02', '2019-09-29 20:07:02'),
(122, 'Buruku', 7, '2019-09-29 20:07:02', '2019-09-29 20:07:02'),
(123, 'Gboko', 7, '2019-09-29 20:07:02', '2019-09-29 20:07:02'),
(124, 'Guma', 7, '2019-09-29 20:07:02', '2019-09-29 20:07:02'),
(125, 'Gwer East', 7, '2019-09-29 20:07:02', '2019-09-29 20:07:02'),
(126, 'Gwer West', 7, '2019-09-29 20:07:02', '2019-09-29 20:07:02'),
(127, 'Katsina-Ala', 7, '2019-09-29 20:07:02', '2019-09-29 20:07:02'),
(128, 'Konshisha', 7, '2019-09-29 20:07:02', '2019-09-29 20:07:02'),
(129, 'Kwande', 7, '2019-09-29 20:07:02', '2019-09-29 20:07:02'),
(130, 'Logo', 7, '2019-09-29 20:07:02', '2019-09-29 20:07:02'),
(131, 'Makurdi', 7, '2019-09-29 20:07:02', '2019-09-29 20:07:02'),
(132, 'Obi', 7, '2019-09-29 20:07:02', '2019-09-29 20:07:02'),
(133, 'Ogbadibo', 7, '2019-09-29 20:07:02', '2019-09-29 20:07:02'),
(134, 'Ohimini', 7, '2019-09-29 20:07:02', '2019-09-29 20:07:02'),
(135, 'Oju', 7, '2019-09-29 20:07:02', '2019-09-29 20:07:02'),
(136, 'Okpokwu', 7, '2019-09-29 20:07:02', '2019-09-29 20:07:02'),
(137, 'Oturkpo', 7, '2019-09-29 20:07:02', '2019-09-29 20:07:02'),
(138, 'Tarka', 7, '2019-09-29 20:07:02', '2019-09-29 20:07:02'),
(139, 'Ukum', 7, '2019-09-29 20:07:02', '2019-09-29 20:07:02'),
(140, 'Ushongo', 7, '2019-09-29 20:07:02', '2019-09-29 20:07:02'),
(141, 'Vandeikya', 7, '2019-09-29 20:07:02', '2019-09-29 20:07:02'),
(142, 'Abadam', 8, '2019-09-29 20:07:02', '2019-09-29 20:07:02'),
(143, 'Askira/Uba', 8, '2019-09-29 20:07:02', '2019-09-29 20:07:02'),
(144, 'Bama', 8, '2019-09-29 20:07:02', '2019-09-29 20:07:02'),
(145, 'Bayo', 8, '2019-09-29 20:07:02', '2019-09-29 20:07:02'),
(146, 'Biu', 8, '2019-09-29 20:07:02', '2019-09-29 20:07:02'),
(147, 'Chibok', 8, '2019-09-29 20:07:02', '2019-09-29 20:07:02'),
(148, 'Damboa', 8, '2019-09-29 20:07:02', '2019-09-29 20:07:02'),
(149, 'Dikwa', 8, '2019-09-29 20:07:02', '2019-09-29 20:07:02'),
(150, 'Gubio', 8, '2019-09-29 20:07:02', '2019-09-29 20:07:02'),
(151, 'Guzamala', 8, '2019-09-29 20:07:02', '2019-09-29 20:07:02'),
(152, 'Gwoza', 8, '2019-09-29 20:07:02', '2019-09-29 20:07:02'),
(153, 'Hawul', 8, '2019-09-29 20:07:02', '2019-09-29 20:07:02'),
(154, 'Jere', 8, '2019-09-29 20:07:02', '2019-09-29 20:07:02'),
(155, 'Kaga', 8, '2019-09-29 20:07:02', '2019-09-29 20:07:02'),
(156, 'Kala/Balge', 8, '2019-09-29 20:07:02', '2019-09-29 20:07:02'),
(157, 'Konduga', 8, '2019-09-29 20:07:02', '2019-09-29 20:07:02'),
(158, 'Kukawa', 8, '2019-09-29 20:07:02', '2019-09-29 20:07:02'),
(159, 'Kwaya Kusar', 8, '2019-09-29 20:07:02', '2019-09-29 20:07:02'),
(160, 'Mafa', 8, '2019-09-29 20:07:02', '2019-09-29 20:07:02'),
(161, 'Magumeri', 8, '2019-09-29 20:07:02', '2019-09-29 20:07:02'),
(162, 'Maiduguri', 8, '2019-09-29 20:07:02', '2019-09-29 20:07:02'),
(163, 'Marte', 8, '2019-09-29 20:07:02', '2019-09-29 20:07:02'),
(164, 'Mobbar', 8, '2019-09-29 20:07:02', '2019-09-29 20:07:02'),
(165, 'Monguno', 8, '2019-09-29 20:07:02', '2019-09-29 20:07:02'),
(166, 'Ngala', 8, '2019-09-29 20:07:02', '2019-09-29 20:07:02'),
(167, 'Nganzai', 8, '2019-09-29 20:07:02', '2019-09-29 20:07:02'),
(168, 'Shani', 8, '2019-09-29 20:07:02', '2019-09-29 20:07:02'),
(169, 'Abi', 9, '2019-09-29 20:07:02', '2019-09-29 20:07:02'),
(170, 'Akamkpa', 9, '2019-09-29 20:07:02', '2019-09-29 20:07:02'),
(171, 'Akpabuyo', 9, '2019-09-29 20:07:02', '2019-09-29 20:07:02'),
(172, 'Bakassi', 9, '2019-09-29 20:07:02', '2019-09-29 20:07:02'),
(173, 'Bekwarra', 9, '2019-09-29 20:07:02', '2019-09-29 20:07:02'),
(174, 'Biase', 9, '2019-09-29 20:07:02', '2019-09-29 20:07:02'),
(175, 'Boki', 9, '2019-09-29 20:07:02', '2019-09-29 20:07:02'),
(176, 'Calabar Municipal', 9, '2019-09-29 20:07:02', '2019-09-29 20:07:02'),
(177, 'Calabar South', 9, '2019-09-29 20:07:02', '2019-09-29 20:07:02'),
(178, 'Etung', 9, '2019-09-29 20:07:02', '2019-09-29 20:07:02'),
(179, 'Ikom', 9, '2019-09-29 20:07:02', '2019-09-29 20:07:02'),
(180, 'Obanliku', 9, '2019-09-29 20:07:02', '2019-09-29 20:07:02'),
(181, 'Obubra', 9, '2019-09-29 20:07:02', '2019-09-29 20:07:02'),
(182, 'Obudu', 9, '2019-09-29 20:07:02', '2019-09-29 20:07:02'),
(183, 'Odukpani', 9, '2019-09-29 20:07:02', '2019-09-29 20:07:02'),
(184, 'Ogoja', 9, '2019-09-29 20:07:02', '2019-09-29 20:07:02'),
(185, 'Yakuur', 9, '2019-09-29 20:07:02', '2019-09-29 20:07:02'),
(186, 'Yala', 9, '2019-09-29 20:07:02', '2019-09-29 20:07:02'),
(187, 'Aniocha North', 10, '2019-09-29 20:07:02', '2019-09-29 20:07:02'),
(188, 'Aniocha South', 10, '2019-09-29 20:07:02', '2019-09-29 20:07:02'),
(189, 'Bomadi', 10, '2019-09-29 20:07:02', '2019-09-29 20:07:02'),
(190, 'Burutu', 10, '2019-09-29 20:07:02', '2019-09-29 20:07:02'),
(191, 'Ethiope East', 10, '2019-09-29 20:07:02', '2019-09-29 20:07:02'),
(192, 'Ethiope West', 10, '2019-09-29 20:07:02', '2019-09-29 20:07:02'),
(193, 'Ika North East', 10, '2019-09-29 20:07:02', '2019-09-29 20:07:02'),
(194, 'Ika South', 10, '2019-09-29 20:07:02', '2019-09-29 20:07:02'),
(195, 'Isoko North', 10, '2019-09-29 20:07:02', '2019-09-29 20:07:02'),
(196, 'Isoko South', 10, '2019-09-29 20:07:02', '2019-09-29 20:07:02'),
(197, 'Ndokwa East', 10, '2019-09-29 20:07:02', '2019-09-29 20:07:02'),
(198, 'Ndokwa West', 10, '2019-09-29 20:07:02', '2019-09-29 20:07:02'),
(199, 'Okpe', 10, '2019-09-29 20:07:02', '2019-09-29 20:07:02'),
(200, 'Oshimili North', 10, '2019-09-29 20:07:02', '2019-09-29 20:07:02'),
(201, 'Oshimili South', 10, '2019-09-29 20:07:02', '2019-09-29 20:07:02'),
(202, 'Patani', 10, '2019-09-29 20:07:02', '2019-09-29 20:07:02'),
(203, 'Sapele', 10, '2019-09-29 20:07:02', '2019-09-29 20:07:02'),
(204, 'Udu', 10, '2019-09-29 20:07:02', '2019-09-29 20:07:02'),
(205, 'Ughelli North', 10, '2019-09-29 20:07:02', '2019-09-29 20:07:02'),
(206, 'Ughelli South', 10, '2019-09-29 20:07:02', '2019-09-29 20:07:02'),
(207, 'Ukwuani', 10, '2019-09-29 20:07:02', '2019-09-29 20:07:02'),
(208, 'Uvwie', 10, '2019-09-29 20:07:02', '2019-09-29 20:07:02'),
(209, 'Warri North', 10, '2019-09-29 20:07:02', '2019-09-29 20:07:02'),
(210, 'Warri South', 10, '2019-09-29 20:07:02', '2019-09-29 20:07:02'),
(211, 'Warri South West', 10, '2019-09-29 20:07:02', '2019-09-29 20:07:02'),
(212, 'Abakaliki', 11, '2019-09-29 20:07:02', '2019-09-29 20:07:02'),
(213, 'Afikpo North', 11, '2019-09-29 20:07:02', '2019-09-29 20:07:02'),
(214, 'Afikpo South', 11, '2019-09-29 20:07:02', '2019-09-29 20:07:02'),
(215, 'Ebonyi', 11, '2019-09-29 20:07:02', '2019-09-29 20:07:02'),
(216, 'Ezza North', 11, '2019-09-29 20:07:02', '2019-09-29 20:07:02'),
(217, 'Ezza South', 11, '2019-09-29 20:07:02', '2019-09-29 20:07:02'),
(218, 'Ikwo', 11, '2019-09-29 20:07:02', '2019-09-29 20:07:02'),
(219, 'Ishielu', 11, '2019-09-29 20:07:02', '2019-09-29 20:07:02'),
(220, 'Ivo', 11, '2019-09-29 20:07:02', '2019-09-29 20:07:02'),
(221, 'Izzi', 11, '2019-09-29 20:07:02', '2019-09-29 20:07:02'),
(222, 'Ohaozara', 11, '2019-09-29 20:07:02', '2019-09-29 20:07:02'),
(223, 'Ohaukwu', 11, '2019-09-29 20:07:02', '2019-09-29 20:07:02'),
(224, 'Onicha', 11, '2019-09-29 20:07:02', '2019-09-29 20:07:02'),
(225, 'Akoko-Edo', 12, '2019-09-29 20:07:02', '2019-09-29 20:07:02'),
(226, 'Egor', 12, '2019-09-29 20:07:02', '2019-09-29 20:07:02'),
(227, 'Esan Central', 12, '2019-09-29 20:07:02', '2019-09-29 20:07:02'),
(228, 'Esan North-East', 12, '2019-09-29 20:07:02', '2019-09-29 20:07:02'),
(229, 'Esan South-East', 12, '2019-09-29 20:07:02', '2019-09-29 20:07:02'),
(230, 'Esan West', 12, '2019-09-29 20:07:02', '2019-09-29 20:07:02'),
(231, 'Etsako Central', 12, '2019-09-29 20:07:02', '2019-09-29 20:07:02'),
(232, 'Etsako East', 12, '2019-09-29 20:07:02', '2019-09-29 20:07:02'),
(233, 'Etsako West', 12, '2019-09-29 20:07:02', '2019-09-29 20:07:02'),
(234, 'Igueben', 12, '2019-09-29 20:07:02', '2019-09-29 20:07:02'),
(235, 'Ikpoba Okha', 12, '2019-09-29 20:07:02', '2019-09-29 20:07:02'),
(236, 'Orhionmwon', 12, '2019-09-29 20:07:02', '2019-09-29 20:07:02'),
(237, 'Oredo', 12, '2019-09-29 20:07:02', '2019-09-29 20:07:02'),
(238, 'Ovia North-East', 12, '2019-09-29 20:07:02', '2019-09-29 20:07:02'),
(239, 'Ovia South-West', 12, '2019-09-29 20:07:02', '2019-09-29 20:07:02'),
(240, 'Owan East', 12, '2019-09-29 20:07:02', '2019-09-29 20:07:02'),
(241, 'Owan West', 12, '2019-09-29 20:07:02', '2019-09-29 20:07:02'),
(242, 'Uhunmwonde', 12, '2019-09-29 20:07:02', '2019-09-29 20:07:02'),
(243, 'Ado Ekiti', 13, '2019-09-29 20:07:02', '2019-09-29 20:07:02'),
(244, 'Efon', 13, '2019-09-29 20:07:02', '2019-09-29 20:07:02'),
(245, 'Ekiti East', 13, '2019-09-29 20:07:02', '2019-09-29 20:07:02'),
(246, 'Ekiti South-West', 13, '2019-09-29 20:07:02', '2019-09-29 20:07:02'),
(247, 'Ekiti West', 13, '2019-09-29 20:07:02', '2019-09-29 20:07:02'),
(248, 'Emure', 13, '2019-09-29 20:07:02', '2019-09-29 20:07:02'),
(249, 'Gbonyin', 13, '2019-09-29 20:07:02', '2019-09-29 20:07:02'),
(250, 'Ido Osi', 13, '2019-09-29 20:07:02', '2019-09-29 20:07:02'),
(251, 'Ijero', 13, '2019-09-29 20:07:02', '2019-09-29 20:07:02'),
(252, 'Ikere', 13, '2019-09-29 20:07:02', '2019-09-29 20:07:02'),
(253, 'Ikole', 13, '2019-09-29 20:07:02', '2019-09-29 20:07:02'),
(254, 'Ilejemeje', 13, '2019-09-29 20:07:02', '2019-09-29 20:07:02'),
(255, 'Irepodun/Ifelodun', 13, '2019-09-29 20:07:02', '2019-09-29 20:07:02'),
(256, 'Ise/Orun', 13, '2019-09-29 20:07:02', '2019-09-29 20:07:02'),
(257, 'Moba', 13, '2019-09-29 20:07:02', '2019-09-29 20:07:02'),
(258, 'Oye', 13, '2019-09-29 20:07:02', '2019-09-29 20:07:02'),
(259, 'Aninri', 14, '2019-09-29 20:07:02', '2019-09-29 20:07:02'),
(260, 'Awgu', 14, '2019-09-29 20:07:02', '2019-09-29 20:07:02'),
(261, 'Enugu East', 14, '2019-09-29 20:07:02', '2019-09-29 20:07:02'),
(262, 'Enugu North', 14, '2019-09-29 20:07:02', '2019-09-29 20:07:02'),
(263, 'Enugu South', 14, '2019-09-29 20:07:02', '2019-09-29 20:07:02'),
(264, 'Ezeagu', 14, '2019-09-29 20:07:02', '2019-09-29 20:07:02'),
(265, 'Igbo Etiti', 14, '2019-09-29 20:07:02', '2019-09-29 20:07:02'),
(266, 'Igbo Eze North', 14, '2019-09-29 20:07:02', '2019-09-29 20:07:02'),
(267, 'Igbo Eze South', 14, '2019-09-29 20:07:02', '2019-09-29 20:07:02'),
(268, 'Isi Uzo', 14, '2019-09-29 20:07:02', '2019-09-29 20:07:02'),
(269, 'Nkanu East', 14, '2019-09-29 20:07:02', '2019-09-29 20:07:02'),
(270, 'Nkanu West', 14, '2019-09-29 20:07:02', '2019-09-29 20:07:02'),
(271, 'Nsukka', 14, '2019-09-29 20:07:02', '2019-09-29 20:07:02'),
(272, 'Oji River', 14, '2019-09-29 20:07:02', '2019-09-29 20:07:02'),
(273, 'Udenu', 14, '2019-09-29 20:07:02', '2019-09-29 20:07:02'),
(274, 'Udi', 14, '2019-09-29 20:07:02', '2019-09-29 20:07:02'),
(275, 'Uzo Uwani', 14, '2019-09-29 20:07:02', '2019-09-29 20:07:02'),
(276, 'Abaji', 15, '2019-09-29 20:07:02', '2019-09-29 20:07:02'),
(277, 'Bwari', 15, '2019-09-29 20:07:02', '2019-09-29 20:07:02'),
(278, 'Gwagwalada', 15, '2019-09-29 20:07:02', '2019-09-29 20:07:02'),
(279, 'Kuje', 15, '2019-09-29 20:07:02', '2019-09-29 20:07:02'),
(280, 'Kwali', 15, '2019-09-29 20:07:02', '2019-09-29 20:07:02'),
(281, 'Municipal Area Council', 15, '2019-09-29 20:07:02', '2019-09-29 20:07:02'),
(282, 'Akko', 16, '2019-09-29 20:07:02', '2019-09-29 20:07:02'),
(283, 'Balanga', 16, '2019-09-29 20:07:02', '2019-09-29 20:07:02'),
(284, 'Billiri', 16, '2019-09-29 20:07:02', '2019-09-29 20:07:02'),
(285, 'Dukku', 16, '2019-09-29 20:07:02', '2019-09-29 20:07:02'),
(286, 'Funakaye', 16, '2019-09-29 20:07:02', '2019-09-29 20:07:02'),
(287, 'Gombe', 16, '2019-09-29 20:07:02', '2019-09-29 20:07:02'),
(288, 'Kaltungo', 16, '2019-09-29 20:07:02', '2019-09-29 20:07:02'),
(289, 'Kwami', 16, '2019-09-29 20:07:02', '2019-09-29 20:07:02'),
(290, 'Nafada', 16, '2019-09-29 20:07:02', '2019-09-29 20:07:02'),
(291, 'Shongom', 16, '2019-09-29 20:07:02', '2019-09-29 20:07:02'),
(292, 'Yamaltu/Deba', 16, '2019-09-29 20:07:02', '2019-09-29 20:07:02'),
(293, 'Aboh Mbaise', 17, '2019-09-29 20:07:02', '2019-09-29 20:07:02'),
(294, 'Ahiazu Mbaise', 17, '2019-09-29 20:07:02', '2019-09-29 20:07:02'),
(295, 'Ehime Mbano', 17, '2019-09-29 20:07:02', '2019-09-29 20:07:02'),
(296, 'Ezinihitte', 17, '2019-09-29 20:07:02', '2019-09-29 20:07:02'),
(297, 'Ideato North', 17, '2019-09-29 20:07:02', '2019-09-29 20:07:02'),
(298, 'Ideato South', 17, '2019-09-29 20:07:02', '2019-09-29 20:07:02'),
(299, 'Ihitte/Uboma', 17, '2019-09-29 20:07:02', '2019-09-29 20:07:02'),
(300, 'Ikeduru', 17, '2019-09-29 20:07:02', '2019-09-29 20:07:02'),
(301, 'Isiala Mbano', 17, '2019-09-29 20:07:02', '2019-09-29 20:07:02'),
(302, 'Isu', 17, '2019-09-29 20:07:02', '2019-09-29 20:07:02'),
(303, 'Mbaitoli', 17, '2019-09-29 20:07:02', '2019-09-29 20:07:02'),
(304, 'Ngor Okpala', 17, '2019-09-29 20:07:02', '2019-09-29 20:07:02'),
(305, 'Njaba', 17, '2019-09-29 20:07:02', '2019-09-29 20:07:02'),
(306, 'Nkwerre', 17, '2019-09-29 20:07:02', '2019-09-29 20:07:02'),
(307, 'Nwangele', 17, '2019-09-29 20:07:02', '2019-09-29 20:07:02'),
(308, 'Obowo', 17, '2019-09-29 20:07:02', '2019-09-29 20:07:02'),
(309, 'Oguta', 17, '2019-09-29 20:07:02', '2019-09-29 20:07:02'),
(310, 'Ohaji/Egbema', 17, '2019-09-29 20:07:02', '2019-09-29 20:07:02'),
(311, 'Okigwe', 17, '2019-09-29 20:07:02', '2019-09-29 20:07:02'),
(312, 'Orlu', 17, '2019-09-29 20:07:02', '2019-09-29 20:07:02'),
(313, 'Orsu', 17, '2019-09-29 20:07:02', '2019-09-29 20:07:02'),
(314, 'Oru East', 17, '2019-09-29 20:07:02', '2019-09-29 20:07:02'),
(315, 'Oru West', 17, '2019-09-29 20:07:02', '2019-09-29 20:07:02'),
(316, 'Owerri Municipal', 17, '2019-09-29 20:07:02', '2019-09-29 20:07:02'),
(317, 'Owerri North', 17, '2019-09-29 20:07:02', '2019-09-29 20:07:02'),
(318, 'Owerri West', 17, '2019-09-29 20:07:02', '2019-09-29 20:07:02'),
(319, 'Unuimo', 17, '2019-09-29 20:07:02', '2019-09-29 20:07:02'),
(320, 'Auyo', 18, '2019-09-29 20:07:02', '2019-09-29 20:07:02'),
(321, 'Babura', 18, '2019-09-29 20:07:02', '2019-09-29 20:07:02'),
(322, 'Biriniwa', 18, '2019-09-29 20:07:02', '2019-09-29 20:07:02'),
(323, 'Birnin Kudu', 18, '2019-09-29 20:07:02', '2019-09-29 20:07:02'),
(324, 'Buji', 18, '2019-09-29 20:07:02', '2019-09-29 20:07:02'),
(325, 'Dutse', 18, '2019-09-29 20:07:02', '2019-09-29 20:07:02'),
(326, 'Gagarawa', 18, '2019-09-29 20:07:02', '2019-09-29 20:07:02'),
(327, 'Garki', 18, '2019-09-29 20:07:02', '2019-09-29 20:07:02'),
(328, 'Gumel', 18, '2019-09-29 20:07:02', '2019-09-29 20:07:02'),
(329, 'Guri', 18, '2019-09-29 20:07:02', '2019-09-29 20:07:02'),
(330, 'Gwaram', 18, '2019-09-29 20:07:02', '2019-09-29 20:07:02'),
(331, 'Gwiwa', 18, '2019-09-29 20:07:02', '2019-09-29 20:07:02'),
(332, 'Hadejia', 18, '2019-09-29 20:07:02', '2019-09-29 20:07:02'),
(333, 'Jahun', 18, '2019-09-29 20:07:02', '2019-09-29 20:07:02'),
(334, 'Kafin Hausa', 18, '2019-09-29 20:07:02', '2019-09-29 20:07:02'),
(335, 'Kazaure', 18, '2019-09-29 20:07:02', '2019-09-29 20:07:02'),
(336, 'Kiri Kasama', 18, '2019-09-29 20:07:02', '2019-09-29 20:07:02'),
(337, 'Kiyawa', 18, '2019-09-29 20:07:02', '2019-09-29 20:07:02'),
(338, 'Kaugama', 18, '2019-09-29 20:07:02', '2019-09-29 20:07:02'),
(339, 'Maigatari', 18, '2019-09-29 20:07:02', '2019-09-29 20:07:02'),
(340, 'Malam Madori', 18, '2019-09-29 20:07:02', '2019-09-29 20:07:02'),
(341, 'Miga', 18, '2019-09-29 20:07:02', '2019-09-29 20:07:02'),
(342, 'Ringim', 18, '2019-09-29 20:07:02', '2019-09-29 20:07:02'),
(343, 'Roni', 18, '2019-09-29 20:07:02', '2019-09-29 20:07:02'),
(344, 'Sule Tankarkar', 18, '2019-09-29 20:07:02', '2019-09-29 20:07:02'),
(345, 'Taura', 18, '2019-09-29 20:07:02', '2019-09-29 20:07:02'),
(346, 'Yankwashi', 18, '2019-09-29 20:07:02', '2019-09-29 20:07:02'),
(347, 'Birnin Gwari', 19, '2019-09-29 20:07:02', '2019-09-29 20:07:02'),
(348, 'Chikun', 19, '2019-09-29 20:07:02', '2019-09-29 20:07:02'),
(349, 'Giwa', 19, '2019-09-29 20:07:02', '2019-09-29 20:07:02'),
(350, 'Igabi', 19, '2019-09-29 20:07:02', '2019-09-29 20:07:02'),
(351, 'Ikara', 19, '2019-09-29 20:07:02', '2019-09-29 20:07:02'),
(352, 'Jaba', 19, '2019-09-29 20:07:02', '2019-09-29 20:07:02'),
(353, 'Jema\'a', 19, '2019-09-29 20:07:02', '2019-09-29 20:07:02'),
(354, 'Kachia', 19, '2019-09-29 20:07:02', '2019-09-29 20:07:02'),
(355, 'Kaduna North', 19, '2019-09-29 20:07:02', '2019-09-29 20:07:02'),
(356, 'Kaduna South', 19, '2019-09-29 20:07:02', '2019-09-29 20:07:02'),
(357, 'Kagarko', 19, '2019-09-29 20:07:02', '2019-09-29 20:07:02'),
(358, 'Kajuru', 19, '2019-09-29 20:07:02', '2019-09-29 20:07:02'),
(359, 'Kaura', 19, '2019-09-29 20:07:02', '2019-09-29 20:07:02'),
(360, 'Kauru', 19, '2019-09-29 20:07:02', '2019-09-29 20:07:02'),
(361, 'Kubau', 19, '2019-09-29 20:07:02', '2019-09-29 20:07:02'),
(362, 'Kudan', 19, '2019-09-29 20:07:02', '2019-09-29 20:07:02'),
(363, 'Lere', 19, '2019-09-29 20:07:02', '2019-09-29 20:07:02'),
(364, 'Makarfi', 19, '2019-09-29 20:07:02', '2019-09-29 20:07:02'),
(365, 'Sabon Gari', 19, '2019-09-29 20:07:02', '2019-09-29 20:07:02'),
(366, 'Sanga', 19, '2019-09-29 20:07:02', '2019-09-29 20:07:02'),
(367, 'Soba', 19, '2019-09-29 20:07:02', '2019-09-29 20:07:02'),
(368, 'Zangon Kataf', 19, '2019-09-29 20:07:02', '2019-09-29 20:07:02'),
(369, 'Zaria', 19, '2019-09-29 20:07:02', '2019-09-29 20:07:02'),
(370, 'Ajingi', 20, '2019-09-29 20:07:02', '2019-09-29 20:07:02'),
(371, 'Albasu', 20, '2019-09-29 20:07:02', '2019-09-29 20:07:02'),
(372, 'Bagwai', 20, '2019-09-29 20:07:02', '2019-09-29 20:07:02'),
(373, 'Bebeji', 20, '2019-09-29 20:07:02', '2019-09-29 20:07:02'),
(374, 'Bichi', 20, '2019-09-29 20:07:02', '2019-09-29 20:07:02'),
(375, 'Bunkure', 20, '2019-09-29 20:07:02', '2019-09-29 20:07:02'),
(376, 'Dala', 20, '2019-09-29 20:07:02', '2019-09-29 20:07:02'),
(377, 'Dambatta', 20, '2019-09-29 20:07:02', '2019-09-29 20:07:02'),
(378, 'Dawakin Kudu', 20, '2019-09-29 20:07:02', '2019-09-29 20:07:02'),
(379, 'Dawakin Tofa', 20, '2019-09-29 20:07:02', '2019-09-29 20:07:02'),
(380, 'Doguwa', 20, '2019-09-29 20:07:02', '2019-09-29 20:07:02'),
(381, 'Fagge', 20, '2019-09-29 20:07:02', '2019-09-29 20:07:02'),
(382, 'Gabasawa', 20, '2019-09-29 20:07:02', '2019-09-29 20:07:02'),
(383, 'Garko', 20, '2019-09-29 20:07:02', '2019-09-29 20:07:02'),
(384, 'Garun Mallam', 20, '2019-09-29 20:07:02', '2019-09-29 20:07:02'),
(385, 'Gaya', 20, '2019-09-29 20:07:02', '2019-09-29 20:07:02'),
(386, 'Gezawa', 20, '2019-09-29 20:07:02', '2019-09-29 20:07:02'),
(387, 'Gwale', 20, '2019-09-29 20:07:02', '2019-09-29 20:07:02'),
(388, 'Gwarzo', 20, '2019-09-29 20:07:02', '2019-09-29 20:07:02'),
(389, 'Kabo', 20, '2019-09-29 20:07:02', '2019-09-29 20:07:02'),
(390, 'Kano Municipal', 20, '2019-09-29 20:07:02', '2019-09-29 20:07:02'),
(391, 'Karaye', 20, '2019-09-29 20:07:02', '2019-09-29 20:07:02'),
(392, 'Kibiya', 20, '2019-09-29 20:07:02', '2019-09-29 20:07:02'),
(393, 'Kiru', 20, '2019-09-29 20:07:02', '2019-09-29 20:07:02'),
(394, 'Kumbotso', 20, '2019-09-29 20:07:02', '2019-09-29 20:07:02'),
(395, 'Kunchi', 20, '2019-09-29 20:07:02', '2019-09-29 20:07:02'),
(396, 'Kura', 20, '2019-09-29 20:07:02', '2019-09-29 20:07:02'),
(397, 'Madobi', 20, '2019-09-29 20:07:02', '2019-09-29 20:07:02'),
(398, 'Makoda', 20, '2019-09-29 20:07:02', '2019-09-29 20:07:02'),
(399, 'Minjibir', 20, '2019-09-29 20:07:02', '2019-09-29 20:07:02'),
(400, 'Nasarawa', 20, '2019-09-29 20:07:02', '2019-09-29 20:07:02'),
(401, 'Rano', 20, '2019-09-29 20:07:02', '2019-09-29 20:07:02'),
(402, 'Rimin Gado', 20, '2019-09-29 20:07:02', '2019-09-29 20:07:02'),
(403, 'Rogo', 20, '2019-09-29 20:07:02', '2019-09-29 20:07:02'),
(404, 'Shanono', 20, '2019-09-29 20:07:02', '2019-09-29 20:07:02'),
(405, 'Sumaila', 20, '2019-09-29 20:07:02', '2019-09-29 20:07:02'),
(406, 'Takai', 20, '2019-09-29 20:07:02', '2019-09-29 20:07:02'),
(407, 'Tarauni', 20, '2019-09-29 20:07:02', '2019-09-29 20:07:02'),
(408, 'Tofa', 20, '2019-09-29 20:07:02', '2019-09-29 20:07:02'),
(409, 'Tsanyawa', 20, '2019-09-29 20:07:02', '2019-09-29 20:07:02'),
(410, 'Tudun Wada', 20, '2019-09-29 20:07:02', '2019-09-29 20:07:02'),
(411, 'Ungogo', 20, '2019-09-29 20:07:02', '2019-09-29 20:07:02'),
(412, 'Warawa', 20, '2019-09-29 20:07:02', '2019-09-29 20:07:02'),
(413, 'Wudil', 20, '2019-09-29 20:07:02', '2019-09-29 20:07:02'),
(414, 'Bakori', 21, '2019-09-29 20:07:02', '2019-09-29 20:07:02'),
(415, 'Batagarawa', 21, '2019-09-29 20:07:02', '2019-09-29 20:07:02'),
(416, 'Batsari', 21, '2019-09-29 20:07:02', '2019-09-29 20:07:02'),
(417, 'Baure', 21, '2019-09-29 20:07:02', '2019-09-29 20:07:02'),
(418, 'Bindawa', 21, '2019-09-29 20:07:02', '2019-09-29 20:07:02'),
(419, 'Charanchi', 21, '2019-09-29 20:07:02', '2019-09-29 20:07:02'),
(420, 'Dandume', 21, '2019-09-29 20:07:02', '2019-09-29 20:07:02'),
(421, 'Danja', 21, '2019-09-29 20:07:02', '2019-09-29 20:07:02'),
(422, 'Dan Musa', 21, '2019-09-29 20:07:02', '2019-09-29 20:07:02'),
(423, 'Daura', 21, '2019-09-29 20:07:02', '2019-09-29 20:07:02'),
(424, 'Dutsi', 21, '2019-09-29 20:07:02', '2019-09-29 20:07:02'),
(425, 'Dutsin Ma', 21, '2019-09-29 20:07:02', '2019-09-29 20:07:02'),
(426, 'Faskari', 21, '2019-09-29 20:07:02', '2019-09-29 20:07:02'),
(427, 'Funtua', 21, '2019-09-29 20:07:02', '2019-09-29 20:07:02'),
(428, 'Ingawa', 21, '2019-09-29 20:07:02', '2019-09-29 20:07:02'),
(429, 'Jibia', 21, '2019-09-29 20:07:02', '2019-09-29 20:07:02'),
(430, 'Kafur', 21, '2019-09-29 20:07:02', '2019-09-29 20:07:02'),
(431, 'Kaita', 21, '2019-09-29 20:07:02', '2019-09-29 20:07:02'),
(432, 'Kankara', 21, '2019-09-29 20:07:02', '2019-09-29 20:07:02'),
(433, 'Kankia', 21, '2019-09-29 20:07:02', '2019-09-29 20:07:02'),
(434, 'Katsina', 21, '2019-09-29 20:07:02', '2019-09-29 20:07:02'),
(435, 'Kurfi', 21, '2019-09-29 20:07:02', '2019-09-29 20:07:02'),
(436, 'Kusada', 21, '2019-09-29 20:07:02', '2019-09-29 20:07:02'),
(437, 'Mai\'Adua', 21, '2019-09-29 20:07:02', '2019-09-29 20:07:02'),
(438, 'Malumfashi', 21, '2019-09-29 20:07:02', '2019-09-29 20:07:02'),
(439, 'Mani', 21, '2019-09-29 20:07:02', '2019-09-29 20:07:02'),
(440, 'Mashi', 21, '2019-09-29 20:07:02', '2019-09-29 20:07:02'),
(441, 'Matazu', 21, '2019-09-29 20:07:02', '2019-09-29 20:07:02'),
(442, 'Musawa', 21, '2019-09-29 20:07:02', '2019-09-29 20:07:02'),
(443, 'Rimi', 21, '2019-09-29 20:07:02', '2019-09-29 20:07:02'),
(444, 'Sabuwa', 21, '2019-09-29 20:07:02', '2019-09-29 20:07:02'),
(445, 'Safana', 21, '2019-09-29 20:07:02', '2019-09-29 20:07:02'),
(446, 'Sandamu', 21, '2019-09-29 20:07:02', '2019-09-29 20:07:02'),
(447, 'Zango', 21, '2019-09-29 20:07:02', '2019-09-29 20:07:02'),
(448, 'Aleiro', 22, '2019-09-29 20:07:02', '2019-09-29 20:07:02'),
(449, 'Arewa Dandi', 22, '2019-09-29 20:07:02', '2019-09-29 20:07:02'),
(450, 'Argungu', 22, '2019-09-29 20:07:02', '2019-09-29 20:07:02'),
(451, 'Augie', 22, '2019-09-29 20:07:02', '2019-09-29 20:07:02'),
(452, 'Bagudo', 22, '2019-09-29 20:07:02', '2019-09-29 20:07:02'),
(453, 'Birnin Kebbi', 22, '2019-09-29 20:07:02', '2019-09-29 20:07:02'),
(454, 'Bunza', 22, '2019-09-29 20:07:02', '2019-09-29 20:07:02'),
(455, 'Dandi', 22, '2019-09-29 20:07:02', '2019-09-29 20:07:02'),
(456, 'Fakai', 22, '2019-09-29 20:07:02', '2019-09-29 20:07:02'),
(457, 'Gwandu', 22, '2019-09-29 20:07:02', '2019-09-29 20:07:02'),
(458, 'Jega', 22, '2019-09-29 20:07:02', '2019-09-29 20:07:02'),
(459, 'Kalgo', 22, '2019-09-29 20:07:02', '2019-09-29 20:07:02'),
(460, 'Koko/Besse', 22, '2019-09-29 20:07:02', '2019-09-29 20:07:02'),
(461, 'Maiyama', 22, '2019-09-29 20:07:02', '2019-09-29 20:07:02'),
(462, 'Ngaski', 22, '2019-09-29 20:07:02', '2019-09-29 20:07:02'),
(463, 'Sakaba', 22, '2019-09-29 20:07:02', '2019-09-29 20:07:02'),
(464, 'Shanga', 22, '2019-09-29 20:07:02', '2019-09-29 20:07:02'),
(465, 'Suru', 22, '2019-09-29 20:07:02', '2019-09-29 20:07:02'),
(466, 'Wasagu/Danko', 22, '2019-09-29 20:07:02', '2019-09-29 20:07:02'),
(467, 'Yauri', 22, '2019-09-29 20:07:02', '2019-09-29 20:07:02'),
(468, 'Zuru', 22, '2019-09-29 20:07:02', '2019-09-29 20:07:02'),
(469, 'Adavi', 23, '2019-09-29 20:07:02', '2019-09-29 20:07:02'),
(470, 'Ajaokuta', 23, '2019-09-29 20:07:02', '2019-09-29 20:07:02'),
(471, 'Ankpa', 23, '2019-09-29 20:07:02', '2019-09-29 20:07:02'),
(472, 'Bassa', 23, '2019-09-29 20:07:02', '2019-09-29 20:07:02'),
(473, 'Dekina', 23, '2019-09-29 20:07:02', '2019-09-29 20:07:02'),
(474, 'Ibaji', 23, '2019-09-29 20:07:02', '2019-09-29 20:07:02'),
(475, 'Idah', 23, '2019-09-29 20:07:02', '2019-09-29 20:07:02'),
(476, 'Igalamela Odolu', 23, '2019-09-29 20:07:02', '2019-09-29 20:07:02'),
(477, 'Ijumu', 23, '2019-09-29 20:07:02', '2019-09-29 20:07:02'),
(478, 'Kabba/Bunu', 23, '2019-09-29 20:07:02', '2019-09-29 20:07:02'),
(479, 'Kogi', 23, '2019-09-29 20:07:02', '2019-09-29 20:07:02'),
(480, 'Lokoja', 23, '2019-09-29 20:07:02', '2019-09-29 20:07:02'),
(481, 'Mopa Muro', 23, '2019-09-29 20:07:02', '2019-09-29 20:07:02'),
(482, 'Ofu', 23, '2019-09-29 20:07:02', '2019-09-29 20:07:02'),
(483, 'Ogori/Magongo', 23, '2019-09-29 20:07:02', '2019-09-29 20:07:02'),
(484, 'Okehi', 23, '2019-09-29 20:07:02', '2019-09-29 20:07:02'),
(485, 'Okene', 23, '2019-09-29 20:07:02', '2019-09-29 20:07:02'),
(486, 'Olamaboro', 23, '2019-09-29 20:07:02', '2019-09-29 20:07:02'),
(487, 'Omala', 23, '2019-09-29 20:07:02', '2019-09-29 20:07:02'),
(488, 'Yagba East', 23, '2019-09-29 20:07:02', '2019-09-29 20:07:02'),
(489, 'Yagba West', 23, '2019-09-29 20:07:02', '2019-09-29 20:07:02'),
(490, 'Asa', 24, '2019-09-29 20:07:02', '2019-09-29 20:07:02'),
(491, 'Baruten', 24, '2019-09-29 20:07:02', '2019-09-29 20:07:02'),
(492, 'Edu', 24, '2019-09-29 20:07:02', '2019-09-29 20:07:02'),
(493, 'Ekiti', 24, '2019-09-29 20:07:02', '2019-09-29 20:07:02'),
(494, 'Ifelodun', 24, '2019-09-29 20:07:02', '2019-09-29 20:07:02'),
(495, 'Ilorin East', 24, '2019-09-29 20:07:02', '2019-09-29 20:07:02'),
(496, 'Ilorin South', 24, '2019-09-29 20:07:02', '2019-09-29 20:07:02'),
(497, 'Ilorin West', 24, '2019-09-29 20:07:02', '2019-09-29 20:07:02'),
(498, 'Irepodun', 24, '2019-09-29 20:07:02', '2019-09-29 20:07:02'),
(499, 'Isin', 24, '2019-09-29 20:07:02', '2019-09-29 20:07:02'),
(500, 'Kaiama', 24, '2019-09-29 20:07:02', '2019-09-29 20:07:02'),
(501, 'Moro', 24, '2019-09-29 20:07:02', '2019-09-29 20:07:02'),
(502, 'Offa', 24, '2019-09-29 20:07:02', '2019-09-29 20:07:02'),
(503, 'Oke Ero', 24, '2019-09-29 20:07:02', '2019-09-29 20:07:02'),
(504, 'Oyun', 24, '2019-09-29 20:07:02', '2019-09-29 20:07:02'),
(505, 'Pategi', 24, '2019-09-29 20:07:02', '2019-09-29 20:07:02'),
(506, 'Agege', 25, '2019-09-29 20:07:02', '2019-09-29 20:07:02'),
(507, 'Ajeromi-Ifelodun', 25, '2019-09-29 20:07:02', '2019-09-29 20:07:02'),
(508, 'Alimosho', 25, '2019-09-29 20:07:02', '2019-09-29 20:07:02'),
(509, 'Amuwo-Odofin', 25, '2019-09-29 20:07:02', '2019-09-29 20:07:02'),
(510, 'Apapa', 25, '2019-09-29 20:07:02', '2019-09-29 20:07:02'),
(511, 'Badagry', 25, '2019-09-29 20:07:02', '2019-09-29 20:07:02'),
(512, 'Epe', 25, '2019-09-29 20:07:02', '2019-09-29 20:07:02'),
(513, 'Eti Osa', 25, '2019-09-29 20:07:02', '2019-09-29 20:07:02'),
(514, 'Ibeju-Lekki', 25, '2019-09-29 20:07:02', '2019-09-29 20:07:02'),
(515, 'Ifako-Ijaiye', 25, '2019-09-29 20:07:02', '2019-09-29 20:07:02'),
(516, 'Ikeja', 25, '2019-09-29 20:07:02', '2019-09-29 20:07:02'),
(517, 'Ikorodu', 25, '2019-09-29 20:07:02', '2019-09-29 20:07:02'),
(518, 'Kosofe', 25, '2019-09-29 20:07:03', '2019-09-29 20:07:03'),
(519, 'Lagos Island', 25, '2019-09-29 20:07:03', '2019-09-29 20:07:03'),
(520, 'Lagos Mainland', 25, '2019-09-29 20:07:03', '2019-09-29 20:07:03'),
(521, 'Mushin', 25, '2019-09-29 20:07:03', '2019-09-29 20:07:03'),
(522, 'Ojo', 25, '2019-09-29 20:07:03', '2019-09-29 20:07:03'),
(523, 'Oshodi-Isolo', 25, '2019-09-29 20:07:03', '2019-09-29 20:07:03'),
(524, 'Shomolu', 25, '2019-09-29 20:07:03', '2019-09-29 20:07:03'),
(525, 'Surulere', 25, '2019-09-29 20:07:03', '2019-09-29 20:07:03'),
(526, 'Akwanga', 26, '2019-09-29 20:07:03', '2019-09-29 20:07:03'),
(527, 'Awe', 26, '2019-09-29 20:07:03', '2019-09-29 20:07:03'),
(528, 'Doma', 26, '2019-09-29 20:07:03', '2019-09-29 20:07:03'),
(529, 'Karu', 26, '2019-09-29 20:07:03', '2019-09-29 20:07:03'),
(530, 'Keana', 26, '2019-09-29 20:07:03', '2019-09-29 20:07:03'),
(531, 'Keffi', 26, '2019-09-29 20:07:03', '2019-09-29 20:07:03'),
(532, 'Kokona', 26, '2019-09-29 20:07:03', '2019-09-29 20:07:03'),
(533, 'Lafia', 26, '2019-09-29 20:07:03', '2019-09-29 20:07:03'),
(534, 'Nasarawa', 26, '2019-09-29 20:07:03', '2019-09-29 20:07:03'),
(535, 'Nasarawa Egon', 26, '2019-09-29 20:07:03', '2019-09-29 20:07:03'),
(536, 'Obi', 26, '2019-09-29 20:07:03', '2019-09-29 20:07:03'),
(537, 'Toto', 26, '2019-09-29 20:07:03', '2019-09-29 20:07:03'),
(538, 'Wamba', 26, '2019-09-29 20:07:03', '2019-09-29 20:07:03'),
(539, 'Agaie', 27, '2019-09-29 20:07:03', '2019-09-29 20:07:03'),
(540, 'Agwara', 27, '2019-09-29 20:07:03', '2019-09-29 20:07:03'),
(541, 'Bida', 27, '2019-09-29 20:07:03', '2019-09-29 20:07:03'),
(542, 'Borgu', 27, '2019-09-29 20:07:03', '2019-09-29 20:07:03'),
(543, 'Bosso', 27, '2019-09-29 20:07:03', '2019-09-29 20:07:03'),
(544, 'Chanchaga', 27, '2019-09-29 20:07:03', '2019-09-29 20:07:03'),
(545, 'Edati', 27, '2019-09-29 20:07:03', '2019-09-29 20:07:03'),
(546, 'Gbako', 27, '2019-09-29 20:07:03', '2019-09-29 20:07:03'),
(547, 'Gurara', 27, '2019-09-29 20:07:03', '2019-09-29 20:07:03'),
(548, 'Katcha', 27, '2019-09-29 20:07:03', '2019-09-29 20:07:03'),
(549, 'Kontagora', 27, '2019-09-29 20:07:03', '2019-09-29 20:07:03'),
(550, 'Lapai', 27, '2019-09-29 20:07:03', '2019-09-29 20:07:03'),
(551, 'Lavun', 27, '2019-09-29 20:07:03', '2019-09-29 20:07:03'),
(552, 'Magama', 27, '2019-09-29 20:07:03', '2019-09-29 20:07:03'),
(553, 'Mariga', 27, '2019-09-29 20:07:03', '2019-09-29 20:07:03'),
(554, 'Mashegu', 27, '2019-09-29 20:07:03', '2019-09-29 20:07:03'),
(555, 'Mokwa', 27, '2019-09-29 20:07:03', '2019-09-29 20:07:03'),
(556, 'Moya', 27, '2019-09-29 20:07:03', '2019-09-29 20:07:03'),
(557, 'Paikoro', 27, '2019-09-29 20:07:03', '2019-09-29 20:07:03'),
(558, 'Rafi', 27, '2019-09-29 20:07:03', '2019-09-29 20:07:03'),
(559, 'Rijau', 27, '2019-09-29 20:07:03', '2019-09-29 20:07:03'),
(560, 'Shiroro', 27, '2019-09-29 20:07:03', '2019-09-29 20:07:03'),
(561, 'Suleja', 27, '2019-09-29 20:07:03', '2019-09-29 20:07:03'),
(562, 'Tafa', 27, '2019-09-29 20:07:03', '2019-09-29 20:07:03'),
(563, 'Wushishi', 27, '2019-09-29 20:07:03', '2019-09-29 20:07:03'),
(564, 'Abeokuta North', 28, '2019-09-29 20:07:03', '2019-09-29 20:07:03'),
(565, 'Abeokuta South', 28, '2019-09-29 20:07:03', '2019-09-29 20:07:03'),
(566, 'Ado-Odo/Ota', 28, '2019-09-29 20:07:03', '2019-09-29 20:07:03'),
(567, 'Egbado North', 28, '2019-09-29 20:07:03', '2019-09-29 20:07:03'),
(568, 'Egbado South', 28, '2019-09-29 20:07:03', '2019-09-29 20:07:03'),
(569, 'Ewekoro', 28, '2019-09-29 20:07:03', '2019-09-29 20:07:03'),
(570, 'Ifo', 28, '2019-09-29 20:07:03', '2019-09-29 20:07:03'),
(571, 'Ijebu East', 28, '2019-09-29 20:07:03', '2019-09-29 20:07:03'),
(572, 'Ijebu North', 28, '2019-09-29 20:07:03', '2019-09-29 20:07:03'),
(573, 'Ijebu North East', 28, '2019-09-29 20:07:03', '2019-09-29 20:07:03'),
(574, 'Ijebu Ode', 28, '2019-09-29 20:07:03', '2019-09-29 20:07:03'),
(575, 'Ikenne', 28, '2019-09-29 20:07:03', '2019-09-29 20:07:03'),
(576, 'Imeko Afon', 28, '2019-09-29 20:07:03', '2019-09-29 20:07:03'),
(577, 'Ipokia', 28, '2019-09-29 20:07:03', '2019-09-29 20:07:03'),
(578, 'Obafemi Owode', 28, '2019-09-29 20:07:03', '2019-09-29 20:07:03'),
(579, 'Odeda', 28, '2019-09-29 20:07:03', '2019-09-29 20:07:03'),
(580, 'Odogbolu', 28, '2019-09-29 20:07:03', '2019-09-29 20:07:03'),
(581, 'Ogun Waterside', 28, '2019-09-29 20:07:03', '2019-09-29 20:07:03'),
(582, 'Remo North', 28, '2019-09-29 20:07:03', '2019-09-29 20:07:03'),
(583, 'Shagamu', 28, '2019-09-29 20:07:03', '2019-09-29 20:07:03'),
(584, 'Akoko North-East', 29, '2019-09-29 20:07:03', '2019-09-29 20:07:03'),
(585, 'Akoko North-West', 29, '2019-09-29 20:07:03', '2019-09-29 20:07:03'),
(586, 'Akoko South-West', 29, '2019-09-29 20:07:03', '2019-09-29 20:07:03'),
(587, 'Akoko South-East', 29, '2019-09-29 20:07:03', '2019-09-29 20:07:03'),
(588, 'Akure North', 29, '2019-09-29 20:07:03', '2019-09-29 20:07:03'),
(589, 'Akure South', 29, '2019-09-29 20:07:03', '2019-09-29 20:07:03'),
(590, 'Ese Odo', 29, '2019-09-29 20:07:03', '2019-09-29 20:07:03'),
(591, 'Idanre', 29, '2019-09-29 20:07:03', '2019-09-29 20:07:03'),
(592, 'Ifedore', 29, '2019-09-29 20:07:03', '2019-09-29 20:07:03'),
(593, 'Ilaje', 29, '2019-09-29 20:07:03', '2019-09-29 20:07:03'),
(594, 'Ile Oluji/Okeigbo', 29, '2019-09-29 20:07:03', '2019-09-29 20:07:03'),
(595, 'Irele', 29, '2019-09-29 20:07:03', '2019-09-29 20:07:03'),
(596, 'Odigbo', 29, '2019-09-29 20:07:03', '2019-09-29 20:07:03'),
(597, 'Okitipupa', 29, '2019-09-29 20:07:03', '2019-09-29 20:07:03'),
(598, 'Ondo East', 29, '2019-09-29 20:07:03', '2019-09-29 20:07:03'),
(599, 'Ondo West', 29, '2019-09-29 20:07:03', '2019-09-29 20:07:03'),
(600, 'Ose', 29, '2019-09-29 20:07:03', '2019-09-29 20:07:03'),
(601, 'Owo', 29, '2019-09-29 20:07:03', '2019-09-29 20:07:03'),
(602, 'Atakunmosa East', 30, '2019-09-29 20:07:03', '2019-09-29 20:07:03'),
(603, 'Atakunmosa West', 30, '2019-09-29 20:07:03', '2019-09-29 20:07:03'),
(604, 'Aiyedaade', 30, '2019-09-29 20:07:03', '2019-09-29 20:07:03'),
(605, 'Aiyedire', 30, '2019-09-29 20:07:03', '2019-09-29 20:07:03'),
(606, 'Boluwaduro', 30, '2019-09-29 20:07:03', '2019-09-29 20:07:03'),
(607, 'Boripe', 30, '2019-09-29 20:07:03', '2019-09-29 20:07:03'),
(608, 'Ede North', 30, '2019-09-29 20:07:03', '2019-09-29 20:07:03'),
(609, 'Ede South', 30, '2019-09-29 20:07:03', '2019-09-29 20:07:03'),
(610, 'Ife Central', 30, '2019-09-29 20:07:03', '2019-09-29 20:07:03'),
(611, 'Ife East', 30, '2019-09-29 20:07:03', '2019-09-29 20:07:03'),
(612, 'Ife North', 30, '2019-09-29 20:07:03', '2019-09-29 20:07:03'),
(613, 'Ife South', 30, '2019-09-29 20:07:03', '2019-09-29 20:07:03'),
(614, 'Egbedore', 30, '2019-09-29 20:07:03', '2019-09-29 20:07:03'),
(615, 'Ejigbo', 30, '2019-09-29 20:07:03', '2019-09-29 20:07:03'),
(616, 'Ifedayo', 30, '2019-09-29 20:07:03', '2019-09-29 20:07:03'),
(617, 'Ifelodun', 30, '2019-09-29 20:07:03', '2019-09-29 20:07:03'),
(618, 'Ila', 30, '2019-09-29 20:07:03', '2019-09-29 20:07:03'),
(619, 'Ilesa East', 30, '2019-09-29 20:07:03', '2019-09-29 20:07:03'),
(620, 'Ilesa West', 30, '2019-09-29 20:07:03', '2019-09-29 20:07:03'),
(621, 'Irepodun', 30, '2019-09-29 20:07:03', '2019-09-29 20:07:03'),
(622, 'Irewole', 30, '2019-09-29 20:07:03', '2019-09-29 20:07:03'),
(623, 'Isokan', 30, '2019-09-29 20:07:03', '2019-09-29 20:07:03'),
(624, 'Iwo', 30, '2019-09-29 20:07:03', '2019-09-29 20:07:03'),
(625, 'Obokun', 30, '2019-09-29 20:07:03', '2019-09-29 20:07:03'),
(626, 'Odo Otin', 30, '2019-09-29 20:07:03', '2019-09-29 20:07:03'),
(627, 'Ola Oluwa', 30, '2019-09-29 20:07:03', '2019-09-29 20:07:03'),
(628, 'Olorunda', 30, '2019-09-29 20:07:03', '2019-09-29 20:07:03'),
(629, 'Oriade', 30, '2019-09-29 20:07:03', '2019-09-29 20:07:03'),
(630, 'Orolu', 30, '2019-09-29 20:07:03', '2019-09-29 20:07:03'),
(631, 'Osogbo', 30, '2019-09-29 20:07:03', '2019-09-29 20:07:03'),
(632, 'Afijio', 31, '2019-09-29 20:07:03', '2019-09-29 20:07:03'),
(633, 'Akinyele', 31, '2019-09-29 20:07:03', '2019-09-29 20:07:03'),
(634, 'Atiba', 31, '2019-09-29 20:07:03', '2019-09-29 20:07:03'),
(635, 'Atisbo', 31, '2019-09-29 20:07:03', '2019-09-29 20:07:03'),
(636, 'Egbeda', 31, '2019-09-29 20:07:03', '2019-09-29 20:07:03'),
(637, 'Ibadan North', 31, '2019-09-29 20:07:03', '2019-09-29 20:07:03'),
(638, 'Ibadan North-East', 31, '2019-09-29 20:07:03', '2019-09-29 20:07:03'),
(639, 'Ibadan North-West', 31, '2019-09-29 20:07:03', '2019-09-29 20:07:03'),
(640, 'Ibadan South-East', 31, '2019-09-29 20:07:03', '2019-09-29 20:07:03'),
(641, 'Ibadan South-West', 31, '2019-09-29 20:07:03', '2019-09-29 20:07:03'),
(642, 'Ibarapa Central', 31, '2019-09-29 20:07:03', '2019-09-29 20:07:03'),
(643, 'Ibarapa East', 31, '2019-09-29 20:07:03', '2019-09-29 20:07:03'),
(644, 'Ibarapa North', 31, '2019-09-29 20:07:03', '2019-09-29 20:07:03'),
(645, 'Ido', 31, '2019-09-29 20:07:03', '2019-09-29 20:07:03'),
(646, 'Irepo', 31, '2019-09-29 20:07:03', '2019-09-29 20:07:03'),
(647, 'Iseyin', 31, '2019-09-29 20:07:03', '2019-09-29 20:07:03'),
(648, 'Itesiwaju', 31, '2019-09-29 20:07:04', '2019-09-29 20:07:04'),
(649, 'Iwajowa', 31, '2019-09-29 20:07:04', '2019-09-29 20:07:04'),
(650, 'Kajola', 31, '2019-09-29 20:07:04', '2019-09-29 20:07:04'),
(651, 'Lagelu', 31, '2019-09-29 20:07:04', '2019-09-29 20:07:04'),
(652, 'Ogbomosho North', 31, '2019-09-29 20:07:04', '2019-09-29 20:07:04'),
(653, 'Ogbomosho South', 31, '2019-09-29 20:07:04', '2019-09-29 20:07:04'),
(654, 'Ogo Oluwa', 31, '2019-09-29 20:07:04', '2019-09-29 20:07:04'),
(655, 'Olorunsogo', 31, '2019-09-29 20:07:04', '2019-09-29 20:07:04'),
(656, 'Oluyole', 31, '2019-09-29 20:07:04', '2019-09-29 20:07:04'),
(657, 'Ona Ara', 31, '2019-09-29 20:07:04', '2019-09-29 20:07:04'),
(658, 'Orelope', 31, '2019-09-29 20:07:04', '2019-09-29 20:07:04'),
(659, 'Ori Ire', 31, '2019-09-29 20:07:04', '2019-09-29 20:07:04'),
(660, 'Oyo', 31, '2019-09-29 20:07:04', '2019-09-29 20:07:04'),
(661, 'Oyo East', 31, '2019-09-29 20:07:04', '2019-09-29 20:07:04'),
(662, 'Saki East', 31, '2019-09-29 20:07:04', '2019-09-29 20:07:04'),
(663, 'Saki West', 31, '2019-09-29 20:07:04', '2019-09-29 20:07:04'),
(664, 'Surulere', 31, '2019-09-29 20:07:04', '2019-09-29 20:07:04'),
(665, 'Bokkos', 32, '2019-09-29 20:07:04', '2019-09-29 20:07:04'),
(666, 'Barkin Ladi', 32, '2019-09-29 20:07:04', '2019-09-29 20:07:04'),
(667, 'Bassa', 32, '2019-09-29 20:07:04', '2019-09-29 20:07:04'),
(668, 'Jos East', 32, '2019-09-29 20:07:04', '2019-09-29 20:07:04'),
(669, 'Jos North', 32, '2019-09-29 20:07:04', '2019-09-29 20:07:04'),
(670, 'Jos South', 32, '2019-09-29 20:07:04', '2019-09-29 20:07:04'),
(671, 'Kanam', 32, '2019-09-29 20:07:04', '2019-09-29 20:07:04'),
(672, 'Kanke', 32, '2019-09-29 20:07:04', '2019-09-29 20:07:04'),
(673, 'Langtang South', 32, '2019-09-29 20:07:04', '2019-09-29 20:07:04'),
(674, 'Langtang North', 32, '2019-09-29 20:07:04', '2019-09-29 20:07:04'),
(675, 'Mangu', 32, '2019-09-29 20:07:04', '2019-09-29 20:07:04'),
(676, 'Mikang', 32, '2019-09-29 20:07:04', '2019-09-29 20:07:04'),
(677, 'Pankshin', 32, '2019-09-29 20:07:04', '2019-09-29 20:07:04'),
(678, 'Qua\'an Pan', 32, '2019-09-29 20:07:04', '2019-09-29 20:07:04'),
(679, 'Riyom', 32, '2019-09-29 20:07:04', '2019-09-29 20:07:04'),
(680, 'Shendam', 32, '2019-09-29 20:07:04', '2019-09-29 20:07:04'),
(681, 'Wase', 32, '2019-09-29 20:07:04', '2019-09-29 20:07:04'),
(682, 'Abua/Odual', 33, '2019-09-29 20:07:04', '2019-09-29 20:07:04'),
(683, 'Ahoada East', 33, '2019-09-29 20:07:04', '2019-09-29 20:07:04'),
(684, 'Ahoada West', 33, '2019-09-29 20:07:04', '2019-09-29 20:07:04'),
(685, 'Akuku-Toru', 33, '2019-09-29 20:07:04', '2019-09-29 20:07:04'),
(686, 'Andoni', 33, '2019-09-29 20:07:04', '2019-09-29 20:07:04'),
(687, 'Asari-Toru', 33, '2019-09-29 20:07:04', '2019-09-29 20:07:04'),
(688, 'Bonny', 33, '2019-09-29 20:07:04', '2019-09-29 20:07:04'),
(689, 'Degema', 33, '2019-09-29 20:07:04', '2019-09-29 20:07:04'),
(690, 'Eleme', 33, '2019-09-29 20:07:04', '2019-09-29 20:07:04'),
(691, 'Emuoha', 33, '2019-09-29 20:07:04', '2019-09-29 20:07:04'),
(692, 'Etche', 33, '2019-09-29 20:07:04', '2019-09-29 20:07:04'),
(693, 'Gokana', 33, '2019-09-29 20:07:04', '2019-09-29 20:07:04'),
(694, 'Ikwerre', 33, '2019-09-29 20:07:04', '2019-09-29 20:07:04'),
(695, 'Khana', 33, '2019-09-29 20:07:04', '2019-09-29 20:07:04'),
(696, 'Obio/Akpor', 33, '2019-09-29 20:07:04', '2019-09-29 20:07:04'),
(697, 'Ogba/Egbema/Ndoni', 33, '2019-09-29 20:07:04', '2019-09-29 20:07:04'),
(698, 'Ogu/Bolo', 33, '2019-09-29 20:07:04', '2019-09-29 20:07:04'),
(699, 'Okrika', 33, '2019-09-29 20:07:04', '2019-09-29 20:07:04'),
(700, 'Omuma', 33, '2019-09-29 20:07:04', '2019-09-29 20:07:04'),
(701, 'Opobo/Nkoro', 33, '2019-09-29 20:07:04', '2019-09-29 20:07:04'),
(702, 'Oyigbo', 33, '2019-09-29 20:07:04', '2019-09-29 20:07:04'),
(703, 'Port Harcourt', 33, '2019-09-29 20:07:04', '2019-09-29 20:07:04'),
(704, 'Tai', 33, '2019-09-29 20:07:04', '2019-09-29 20:07:04'),
(705, 'Binji', 34, '2019-09-29 20:07:04', '2019-09-29 20:07:04'),
(706, 'Bodinga', 34, '2019-09-29 20:07:04', '2019-09-29 20:07:04'),
(707, 'Dange Shuni', 34, '2019-09-29 20:07:04', '2019-09-29 20:07:04'),
(708, 'Gada', 34, '2019-09-29 20:07:04', '2019-09-29 20:07:04'),
(709, 'Goronyo', 34, '2019-09-29 20:07:04', '2019-09-29 20:07:04'),
(710, 'Gudu', 34, '2019-09-29 20:07:04', '2019-09-29 20:07:04'),
(711, 'Gwadabawa', 34, '2019-09-29 20:07:04', '2019-09-29 20:07:04'),
(712, 'Illela', 34, '2019-09-29 20:07:04', '2019-09-29 20:07:04'),
(713, 'Isa', 34, '2019-09-29 20:07:04', '2019-09-29 20:07:04'),
(714, 'Kebbe', 34, '2019-09-29 20:07:04', '2019-09-29 20:07:04'),
(715, 'Kware', 34, '2019-09-29 20:07:04', '2019-09-29 20:07:04'),
(716, 'Rabah', 34, '2019-09-29 20:07:04', '2019-09-29 20:07:04'),
(717, 'Sabon Birni', 34, '2019-09-29 20:07:04', '2019-09-29 20:07:04'),
(718, 'Shagari', 34, '2019-09-29 20:07:04', '2019-09-29 20:07:04'),
(719, 'Silame', 34, '2019-09-29 20:07:04', '2019-09-29 20:07:04'),
(720, 'Sokoto North', 34, '2019-09-29 20:07:04', '2019-09-29 20:07:04'),
(721, 'Sokoto South', 34, '2019-09-29 20:07:04', '2019-09-29 20:07:04'),
(722, 'Tambuwal', 34, '2019-09-29 20:07:04', '2019-09-29 20:07:04'),
(723, 'Tangaza', 34, '2019-09-29 20:07:04', '2019-09-29 20:07:04'),
(724, 'Tureta', 34, '2019-09-29 20:07:04', '2019-09-29 20:07:04'),
(725, 'Wamako', 34, '2019-09-29 20:07:04', '2019-09-29 20:07:04'),
(726, 'Wurno', 34, '2019-09-29 20:07:04', '2019-09-29 20:07:04'),
(727, 'Yabo', 34, '2019-09-29 20:07:04', '2019-09-29 20:07:04'),
(728, 'Ardo Kola', 35, '2019-09-29 20:07:04', '2019-09-29 20:07:04'),
(729, 'Bali', 35, '2019-09-29 20:07:04', '2019-09-29 20:07:04'),
(730, 'Donga', 35, '2019-09-29 20:07:04', '2019-09-29 20:07:04'),
(731, 'Gashaka', 35, '2019-09-29 20:07:04', '2019-09-29 20:07:04'),
(732, 'Gassol', 35, '2019-09-29 20:07:04', '2019-09-29 20:07:04'),
(733, 'Ibi', 35, '2019-09-29 20:07:04', '2019-09-29 20:07:04'),
(734, 'Jalingo', 35, '2019-09-29 20:07:04', '2019-09-29 20:07:04'),
(735, 'Karim Lamido', 35, '2019-09-29 20:07:04', '2019-09-29 20:07:04'),
(736, 'Kumi', 35, '2019-09-29 20:07:04', '2019-09-29 20:07:04'),
(737, 'Lau', 35, '2019-09-29 20:07:04', '2019-09-29 20:07:04'),
(738, 'Sardauna', 35, '2019-09-29 20:07:04', '2019-09-29 20:07:04'),
(739, 'Takum', 35, '2019-09-29 20:07:04', '2019-09-29 20:07:04'),
(740, 'Ussa', 35, '2019-09-29 20:07:04', '2019-09-29 20:07:04'),
(741, 'Wukari', 35, '2019-09-29 20:07:04', '2019-09-29 20:07:04'),
(742, 'Yorro', 35, '2019-09-29 20:07:04', '2019-09-29 20:07:04'),
(743, 'Zing', 35, '2019-09-29 20:07:04', '2019-09-29 20:07:04'),
(744, 'Bade', 36, '2019-09-29 20:07:04', '2019-09-29 20:07:04'),
(745, 'Bursari', 36, '2019-09-29 20:07:04', '2019-09-29 20:07:04'),
(746, 'Damaturu', 36, '2019-09-29 20:07:04', '2019-09-29 20:07:04'),
(747, 'Fika', 36, '2019-09-29 20:07:04', '2019-09-29 20:07:04'),
(748, 'Fune', 36, '2019-09-29 20:07:04', '2019-09-29 20:07:04'),
(749, 'Geidam', 36, '2019-09-29 20:07:04', '2019-09-29 20:07:04'),
(750, 'Gujba', 36, '2019-09-29 20:07:04', '2019-09-29 20:07:04'),
(751, 'Gulani', 36, '2019-09-29 20:07:04', '2019-09-29 20:07:04'),
(752, 'Jakusko', 36, '2019-09-29 20:07:04', '2019-09-29 20:07:04'),
(753, 'Karasuwa', 36, '2019-09-29 20:07:04', '2019-09-29 20:07:04'),
(754, 'Machina', 36, '2019-09-29 20:07:04', '2019-09-29 20:07:04');
INSERT INTO `lgas` (`id`, `name`, `state_id`, `created_at`, `updated_at`) VALUES
(755, 'Nangere', 36, '2019-09-29 20:07:04', '2019-09-29 20:07:04'),
(756, 'Nguru', 36, '2019-09-29 20:07:04', '2019-09-29 20:07:04'),
(757, 'Potiskum', 36, '2019-09-29 20:07:04', '2019-09-29 20:07:04'),
(758, 'Tarmuwa', 36, '2019-09-29 20:07:04', '2019-09-29 20:07:04'),
(759, 'Yunusari', 36, '2019-09-29 20:07:04', '2019-09-29 20:07:04'),
(760, 'Yusufari', 36, '2019-09-29 20:07:04', '2019-09-29 20:07:04'),
(761, 'Anka', 37, '2019-09-29 20:07:04', '2019-09-29 20:07:04'),
(762, 'Bakura', 37, '2019-09-29 20:07:04', '2019-09-29 20:07:04'),
(763, 'Birnin Magaji/Kiyaw', 37, '2019-09-29 20:07:04', '2019-09-29 20:07:04'),
(764, 'Bukkuyum', 37, '2019-09-29 20:07:04', '2019-09-29 20:07:04'),
(765, 'Bungudu', 37, '2019-09-29 20:07:04', '2019-09-29 20:07:04'),
(766, 'Gummi', 37, '2019-09-29 20:07:04', '2019-09-29 20:07:04'),
(767, 'Gusau', 37, '2019-09-29 20:07:04', '2019-09-29 20:07:04'),
(768, 'Kaura Namoda', 37, '2019-09-29 20:07:04', '2019-09-29 20:07:04'),
(769, 'Maradun', 37, '2019-09-29 20:07:04', '2019-09-29 20:07:04'),
(770, 'Maru', 37, '2019-09-29 20:07:04', '2019-09-29 20:07:04'),
(771, 'Shinkafi', 37, '2019-09-29 20:07:04', '2019-09-29 20:07:04'),
(772, 'Talata Mafara', 37, '2019-09-29 20:07:04', '2019-09-29 20:07:04'),
(773, 'Chafe', 37, '2019-09-29 20:07:04', '2019-09-29 20:07:04'),
(774, 'Zurmi', 37, '2019-09-29 20:07:04', '2019-09-29 20:07:04');

-- --------------------------------------------------------

--
-- Table structure for table `metas`
--

CREATE TABLE `metas` (
  `id` int(10) UNSIGNED NOT NULL,
  `key` varchar(255) COLLATE utf8mb4_unicode_ci NOT NULL,
  `value` varchar(2000) COLLATE utf8mb4_unicode_ci NOT NULL,
  `created_at` timestamp NULL DEFAULT NULL,
  `updated_at` timestamp NULL DEFAULT NULL
) ENGINE=InnoDB DEFAULT CHARSET=utf8mb4 COLLATE=utf8mb4_unicode_ci;

--
-- Dumping data for table `metas`
--

INSERT INTO `metas` (`id`, `key`, `value`, `created_at`, `updated_at`) VALUES
(1, 'permitted_states', '{\'25\':\'Lagos\', \'15\':\'FCT\', \'33\':\'Rivers\'}', '2019-09-29 20:07:04', '2019-09-29 20:07:04');

-- --------------------------------------------------------

--
-- Table structure for table `migrations`
--

CREATE TABLE `migrations` (
  `id` int(10) UNSIGNED NOT NULL,
  `migration` varchar(255) COLLATE utf8mb4_unicode_ci NOT NULL,
  `batch` int(11) NOT NULL
) ENGINE=InnoDB DEFAULT CHARSET=utf8mb4 COLLATE=utf8mb4_unicode_ci;

--
-- Dumping data for table `migrations`
--

INSERT INTO `migrations` (`id`, `migration`, `batch`) VALUES
(1, '2014_10_12_000000_create_users_table', 1),
(2, '2014_10_12_100000_create_password_resets_table', 1),
(3, '2016_06_01_000001_create_oauth_auth_codes_table', 1),
(4, '2016_06_01_000002_create_oauth_access_tokens_table', 1),
(5, '2016_06_01_000003_create_oauth_refresh_tokens_table', 1),
(6, '2016_06_01_000004_create_oauth_clients_table', 1),
(7, '2016_06_01_000005_create_oauth_personal_access_clients_table', 1),
(8, '2019_02_03_120602_create_permission_tables', 1),
(9, '2019_02_03_132027_create_payments_table', 1),
(10, '2019_02_03_132119_create_packages_table', 1),
(11, '2019_02_03_133311_create_tutor_requests_table', 1),
(12, '2019_02_03_134033_create_tutor_application_table', 1),
(13, '2019_02_03_134221_create_subscriptions_table', 1),
(14, '2019_04_26_101148_create_states_table', 1),
(15, '2019_04_26_101247_create_lgas_table', 1),
(16, '2019_04_27_075719_create_package_lga_prices_table', 1),
(17, '2019_04_27_082204_create_metas_table', 1),
(18, '2019_04_28_023737_create_package_state_prices_table', 1);

-- --------------------------------------------------------

--
-- Table structure for table `model_has_permissions`
--

CREATE TABLE `model_has_permissions` (
  `permission_id` int(10) UNSIGNED NOT NULL,
  `model_type` varchar(255) COLLATE utf8mb4_unicode_ci NOT NULL,
  `model_id` bigint(20) UNSIGNED NOT NULL
) ENGINE=InnoDB DEFAULT CHARSET=utf8mb4 COLLATE=utf8mb4_unicode_ci;

-- --------------------------------------------------------

--
-- Table structure for table `model_has_roles`
--

CREATE TABLE `model_has_roles` (
  `role_id` int(10) UNSIGNED NOT NULL,
  `model_type` varchar(255) COLLATE utf8mb4_unicode_ci NOT NULL,
  `model_id` bigint(20) UNSIGNED NOT NULL
) ENGINE=InnoDB DEFAULT CHARSET=utf8mb4 COLLATE=utf8mb4_unicode_ci;

--
-- Dumping data for table `model_has_roles`
--

INSERT INTO `model_has_roles` (`role_id`, `model_type`, `model_id`) VALUES
(1, 'App\\User', 1),
(1, 'App\\User', 4),
(1, 'App\\User', 5),
(2, 'App\\User', 2),
(3, 'App\\User', 3),
(3, 'App\\User', 6),
(3, 'App\\User', 7);

-- --------------------------------------------------------

--
-- Table structure for table `oauth_access_tokens`
--

CREATE TABLE `oauth_access_tokens` (
  `id` varchar(100) COLLATE utf8mb4_unicode_ci NOT NULL,
  `user_id` int(11) DEFAULT NULL,
  `client_id` int(10) UNSIGNED NOT NULL,
  `name` varchar(255) COLLATE utf8mb4_unicode_ci DEFAULT NULL,
  `scopes` text COLLATE utf8mb4_unicode_ci DEFAULT NULL,
  `revoked` tinyint(1) NOT NULL,
  `created_at` timestamp NULL DEFAULT NULL,
  `updated_at` timestamp NULL DEFAULT NULL,
  `expires_at` datetime DEFAULT NULL
) ENGINE=InnoDB DEFAULT CHARSET=utf8mb4 COLLATE=utf8mb4_unicode_ci;

-- --------------------------------------------------------

--
-- Table structure for table `oauth_auth_codes`
--

CREATE TABLE `oauth_auth_codes` (
  `id` varchar(100) COLLATE utf8mb4_unicode_ci NOT NULL,
  `user_id` int(11) NOT NULL,
  `client_id` int(10) UNSIGNED NOT NULL,
  `scopes` text COLLATE utf8mb4_unicode_ci DEFAULT NULL,
  `revoked` tinyint(1) NOT NULL,
  `expires_at` datetime DEFAULT NULL
) ENGINE=InnoDB DEFAULT CHARSET=utf8mb4 COLLATE=utf8mb4_unicode_ci;

-- --------------------------------------------------------

--
-- Table structure for table `oauth_clients`
--

CREATE TABLE `oauth_clients` (
  `id` int(10) UNSIGNED NOT NULL,
  `user_id` int(11) DEFAULT NULL,
  `name` varchar(255) COLLATE utf8mb4_unicode_ci NOT NULL,
  `secret` varchar(100) COLLATE utf8mb4_unicode_ci NOT NULL,
  `redirect` text COLLATE utf8mb4_unicode_ci NOT NULL,
  `personal_access_client` tinyint(1) NOT NULL,
  `password_client` tinyint(1) NOT NULL,
  `revoked` tinyint(1) NOT NULL,
  `created_at` timestamp NULL DEFAULT NULL,
  `updated_at` timestamp NULL DEFAULT NULL
) ENGINE=InnoDB DEFAULT CHARSET=utf8mb4 COLLATE=utf8mb4_unicode_ci;

-- --------------------------------------------------------

--
-- Table structure for table `oauth_personal_access_clients`
--

CREATE TABLE `oauth_personal_access_clients` (
  `id` int(10) UNSIGNED NOT NULL,
  `client_id` int(10) UNSIGNED NOT NULL,
  `created_at` timestamp NULL DEFAULT NULL,
  `updated_at` timestamp NULL DEFAULT NULL
) ENGINE=InnoDB DEFAULT CHARSET=utf8mb4 COLLATE=utf8mb4_unicode_ci;

-- --------------------------------------------------------

--
-- Table structure for table `oauth_refresh_tokens`
--

CREATE TABLE `oauth_refresh_tokens` (
  `id` varchar(100) COLLATE utf8mb4_unicode_ci NOT NULL,
  `access_token_id` varchar(100) COLLATE utf8mb4_unicode_ci NOT NULL,
  `revoked` tinyint(1) NOT NULL,
  `expires_at` datetime DEFAULT NULL
) ENGINE=InnoDB DEFAULT CHARSET=utf8mb4 COLLATE=utf8mb4_unicode_ci;

-- --------------------------------------------------------

--
-- Table structure for table `packages`
--

CREATE TABLE `packages` (
  `id` int(10) UNSIGNED NOT NULL,
  `name` varchar(255) COLLATE utf8mb4_unicode_ci NOT NULL,
  `default_currency_code` varchar(255) COLLATE utf8mb4_unicode_ci NOT NULL DEFAULT 'NGN',
  `default_price_details` varchar(1000) COLLATE utf8mb4_unicode_ci NOT NULL,
  `group` varchar(255) COLLATE utf8mb4_unicode_ci NOT NULL,
  `created_at` timestamp NULL DEFAULT NULL,
  `updated_at` timestamp NULL DEFAULT NULL
) ENGINE=InnoDB DEFAULT CHARSET=utf8mb4 COLLATE=utf8mb4_unicode_ci;

--
-- Dumping data for table `packages`
--

INSERT INTO `packages` (`id`, `name`, `default_currency_code`, `default_price_details`, `group`, `created_at`, `updated_at`) VALUES
(1, 'pre-school', 'NGN', '{\"month\":35000,\"hour\": 1500}', 'nursery and primary', NULL, NULL),
(2, 'nursery classes', 'NGN', '{\"month\":35000,\"hour\": 1500}', 'nursery and primary', NULL, NULL),
(3, 'primary / year 1 - 6', 'NGN', '{\"month\":35000,\"hour\": 1500}', 'nursery and primary', NULL, NULL),
(4, 'common entrance', 'NGN', '{\"month\":35000,\"hour\": 1500}', 'nursery and primary', NULL, NULL),
(5, 'jss 1 - 3', 'NGN', '{\"month\":40000,\"hour\": 2500}', 'secondary, high-school and post-secondary', NULL, NULL),
(6, 'sss 1 -3', 'NGN', '{\"month\":40000,\"hour\": 2500}', 'secondary, high-school and post-secondary', NULL, NULL),
(7, 'checkpoint', 'NGN', '{\"month\":40000,\"hour\": 2500}', 'secondary, high-school and post-secondary', NULL, NULL),
(8, 'gre', 'NGN', '{\"month\":40000,\"hour\": 2500}', 'foreign examination', NULL, NULL),
(9, 'gmat', 'NGN', '{\"month\":40000,\"hour\": 2500}', 'foreign examination', NULL, NULL),
(10, 'toefl', 'NGN', '{\"month\":40000,\"hour\": 2500}', 'foreign examination', NULL, NULL),
(11, 'sat', 'NGN', '{\"month\":40000,\"hour\": 2500}', 'foreign examination', NULL, NULL),
(12, 'ielts', 'NGN', '{\"month\":40000,\"hour\": 2500}', 'foreign examination', NULL, NULL);

-- --------------------------------------------------------

--
-- Table structure for table `package_lga_prices`
--

CREATE TABLE `package_lga_prices` (
  `id` int(10) UNSIGNED NOT NULL,
  `package_id` int(11) NOT NULL,
  `lga_id` int(10) UNSIGNED NOT NULL,
  `price_details` varchar(1000) COLLATE utf8mb4_unicode_ci NOT NULL,
  `created_at` timestamp NULL DEFAULT NULL,
  `updated_at` timestamp NULL DEFAULT NULL
) ENGINE=InnoDB DEFAULT CHARSET=utf8mb4 COLLATE=utf8mb4_unicode_ci;

--
-- Dumping data for table `package_lga_prices`
--

INSERT INTO `package_lga_prices` (`id`, `package_id`, `lga_id`, `price_details`, `created_at`, `updated_at`) VALUES
(1, 1, 516, '{\"month\":60000,\"hour\": 5000}', '2019-09-29 20:07:04', '2019-09-29 20:07:04');

-- --------------------------------------------------------

--
-- Table structure for table `package_state_prices`
--

CREATE TABLE `package_state_prices` (
  `id` int(10) UNSIGNED NOT NULL,
  `package_id` int(11) NOT NULL,
  `state_id` int(10) UNSIGNED NOT NULL,
  `price_details` varchar(1000) COLLATE utf8mb4_unicode_ci NOT NULL,
  `created_at` timestamp NULL DEFAULT NULL,
  `updated_at` timestamp NULL DEFAULT NULL
) ENGINE=InnoDB DEFAULT CHARSET=utf8mb4 COLLATE=utf8mb4_unicode_ci;

--
-- Dumping data for table `package_state_prices`
--

INSERT INTO `package_state_prices` (`id`, `package_id`, `state_id`, `price_details`, `created_at`, `updated_at`) VALUES
(1, 1, 25, '{\"month\":40000,\"hour\": 2000}', '2019-09-29 20:07:04', '2019-09-29 20:07:04');

-- --------------------------------------------------------

--
-- Table structure for table `password_resets`
--

CREATE TABLE `password_resets` (
  `email` varchar(255) COLLATE utf8mb4_unicode_ci NOT NULL,
  `token` varchar(255) COLLATE utf8mb4_unicode_ci NOT NULL,
  `created_at` timestamp NULL DEFAULT NULL
) ENGINE=InnoDB DEFAULT CHARSET=utf8mb4 COLLATE=utf8mb4_unicode_ci;

-- --------------------------------------------------------

--
-- Table structure for table `payments`
--

CREATE TABLE `payments` (
  `id` int(10) UNSIGNED NOT NULL,
  `user_id` int(10) UNSIGNED DEFAULT NULL,
  `payment_status` varchar(255) COLLATE utf8mb4_unicode_ci NOT NULL,
  `payment_for` varchar(255) COLLATE utf8mb4_unicode_ci NOT NULL,
  `payment_via` enum('Paystack') COLLATE utf8mb4_unicode_ci NOT NULL,
  `payment_details` longtext COLLATE utf8mb4_unicode_ci DEFAULT NULL,
  `reference` varchar(255) COLLATE utf8mb4_unicode_ci NOT NULL,
  `amount` double NOT NULL DEFAULT 0,
  `paid_at` varchar(255) COLLATE utf8mb4_unicode_ci NOT NULL,
  `payment_id` varchar(255) COLLATE utf8mb4_unicode_ci NOT NULL,
  `ip_address` varchar(255) COLLATE utf8mb4_unicode_ci NOT NULL,
  `attempts` varchar(255) COLLATE utf8mb4_unicode_ci DEFAULT NULL,
  `channel` varchar(255) COLLATE utf8mb4_unicode_ci NOT NULL,
  `currency` varchar(255) COLLATE utf8mb4_unicode_ci NOT NULL,
  `fees` double NOT NULL DEFAULT 0,
  `customer_email` varchar(255) COLLATE utf8mb4_unicode_ci NOT NULL,
  `customer_code` varchar(255) COLLATE utf8mb4_unicode_ci DEFAULT NULL,
  `customer_risk_action` varchar(255) COLLATE utf8mb4_unicode_ci NOT NULL,
  `payment_date` varchar(255) COLLATE utf8mb4_unicode_ci NOT NULL,
  `created_at` timestamp NULL DEFAULT NULL,
  `updated_at` timestamp NULL DEFAULT NULL
) ENGINE=InnoDB DEFAULT CHARSET=utf8mb4 COLLATE=utf8mb4_unicode_ci;

-- --------------------------------------------------------

--
-- Table structure for table `permissions`
--

CREATE TABLE `permissions` (
  `id` int(10) UNSIGNED NOT NULL,
  `name` varchar(255) COLLATE utf8mb4_unicode_ci NOT NULL,
  `guard_name` varchar(255) COLLATE utf8mb4_unicode_ci NOT NULL,
  `created_at` timestamp NULL DEFAULT NULL,
  `updated_at` timestamp NULL DEFAULT NULL
) ENGINE=InnoDB DEFAULT CHARSET=utf8mb4 COLLATE=utf8mb4_unicode_ci;

--
-- Dumping data for table `permissions`
--

INSERT INTO `permissions` (`id`, `name`, `guard_name`, `created_at`, `updated_at`) VALUES
(1, 'approve-tutor', 'web', '2019-09-29 20:06:54', '2019-09-29 20:06:54'),
(2, 'delete-tutor', 'web', '2019-09-29 20:06:55', '2019-09-29 20:06:55'),
(3, 'view-all-subscriptions', 'web', '2019-09-29 20:06:55', '2019-09-29 20:06:55'),
(4, 'edit-tutor', 'web', '2019-09-29 20:06:55', '2019-09-29 20:06:55');

-- --------------------------------------------------------

--
-- Table structure for table `roles`
--

CREATE TABLE `roles` (
  `id` int(10) UNSIGNED NOT NULL,
  `name` varchar(255) COLLATE utf8mb4_unicode_ci NOT NULL,
  `guard_name` varchar(255) COLLATE utf8mb4_unicode_ci NOT NULL,
  `created_at` timestamp NULL DEFAULT NULL,
  `updated_at` timestamp NULL DEFAULT NULL
) ENGINE=InnoDB DEFAULT CHARSET=utf8mb4 COLLATE=utf8mb4_unicode_ci;

--
-- Dumping data for table `roles`
--

INSERT INTO `roles` (`id`, `name`, `guard_name`, `created_at`, `updated_at`) VALUES
(1, 'admin', 'web', '2019-09-29 20:06:55', '2019-09-29 20:06:55'),
(2, 'tutor', 'web', '2019-09-29 20:06:56', '2019-09-29 20:06:56'),
(3, 'client', 'web', '2019-09-29 20:06:56', '2019-09-29 20:06:56');

-- --------------------------------------------------------

--
-- Table structure for table `role_has_permissions`
--

CREATE TABLE `role_has_permissions` (
  `permission_id` int(10) UNSIGNED NOT NULL,
  `role_id` int(10) UNSIGNED NOT NULL
) ENGINE=InnoDB DEFAULT CHARSET=utf8mb4 COLLATE=utf8mb4_unicode_ci;

--
-- Dumping data for table `role_has_permissions`
--

INSERT INTO `role_has_permissions` (`permission_id`, `role_id`) VALUES
(1, 1),
(2, 1),
(3, 1),
(4, 1);

-- --------------------------------------------------------

--
-- Table structure for table `states`
--

CREATE TABLE `states` (
  `id` int(10) UNSIGNED NOT NULL,
  `name` varchar(255) COLLATE utf8mb4_unicode_ci NOT NULL,
  `created_at` timestamp NULL DEFAULT NULL,
  `updated_at` timestamp NULL DEFAULT NULL
) ENGINE=InnoDB DEFAULT CHARSET=utf8mb4 COLLATE=utf8mb4_unicode_ci;

--
-- Dumping data for table `states`
--

INSERT INTO `states` (`id`, `name`, `created_at`, `updated_at`) VALUES
(1, 'Abia', '2019-09-29 20:07:00', '2019-09-29 20:07:00'),
(2, 'Adamawa', '2019-09-29 20:07:01', '2019-09-29 20:07:01'),
(3, 'Akwa Ibom', '2019-09-29 20:07:01', '2019-09-29 20:07:01'),
(4, 'Anambra', '2019-09-29 20:07:02', '2019-09-29 20:07:02'),
(5, 'Bauchi', '2019-09-29 20:07:02', '2019-09-29 20:07:02'),
(6, 'Bayelsa', '2019-09-29 20:07:02', '2019-09-29 20:07:02'),
(7, 'Benue', '2019-09-29 20:07:02', '2019-09-29 20:07:02'),
(8, 'Borno', '2019-09-29 20:07:02', '2019-09-29 20:07:02'),
(9, 'Cross River', '2019-09-29 20:07:02', '2019-09-29 20:07:02'),
(10, 'Delta', '2019-09-29 20:07:02', '2019-09-29 20:07:02'),
(11, 'Ebonyi', '2019-09-29 20:07:02', '2019-09-29 20:07:02'),
(12, 'Edo', '2019-09-29 20:07:02', '2019-09-29 20:07:02'),
(13, 'Ekiti', '2019-09-29 20:07:02', '2019-09-29 20:07:02'),
(14, 'Enugu', '2019-09-29 20:07:02', '2019-09-29 20:07:02'),
(15, 'FCT', '2019-09-29 20:07:02', '2019-09-29 20:07:02'),
(16, 'Gombe', '2019-09-29 20:07:02', '2019-09-29 20:07:02'),
(17, 'Imo', '2019-09-29 20:07:02', '2019-09-29 20:07:02'),
(18, 'Jigawa', '2019-09-29 20:07:02', '2019-09-29 20:07:02'),
(19, 'Kaduna', '2019-09-29 20:07:02', '2019-09-29 20:07:02'),
(20, 'Kano', '2019-09-29 20:07:02', '2019-09-29 20:07:02'),
(21, 'Katsina', '2019-09-29 20:07:02', '2019-09-29 20:07:02'),
(22, 'Kebbi', '2019-09-29 20:07:02', '2019-09-29 20:07:02'),
(23, 'Kogi', '2019-09-29 20:07:02', '2019-09-29 20:07:02'),
(24, 'Kwara', '2019-09-29 20:07:02', '2019-09-29 20:07:02'),
(25, 'Lagos', '2019-09-29 20:07:02', '2019-09-29 20:07:02'),
(26, 'Nasarawa', '2019-09-29 20:07:03', '2019-09-29 20:07:03'),
(27, 'Niger', '2019-09-29 20:07:03', '2019-09-29 20:07:03'),
(28, 'Ogun', '2019-09-29 20:07:03', '2019-09-29 20:07:03'),
(29, 'Ondo', '2019-09-29 20:07:03', '2019-09-29 20:07:03'),
(30, 'Osun', '2019-09-29 20:07:03', '2019-09-29 20:07:03'),
(31, 'Oyo', '2019-09-29 20:07:03', '2019-09-29 20:07:03'),
(32, 'Plateau', '2019-09-29 20:07:04', '2019-09-29 20:07:04'),
(33, 'Rivers', '2019-09-29 20:07:04', '2019-09-29 20:07:04'),
(34, 'Sokoto', '2019-09-29 20:07:04', '2019-09-29 20:07:04'),
(35, 'Taraba', '2019-09-29 20:07:04', '2019-09-29 20:07:04'),
(36, 'Yobe', '2019-09-29 20:07:04', '2019-09-29 20:07:04'),
(37, 'Zamfara', '2019-09-29 20:07:04', '2019-09-29 20:07:04');

-- --------------------------------------------------------

--
-- Table structure for table `subscriptions`
--

CREATE TABLE `subscriptions` (
  `id` int(10) UNSIGNED NOT NULL,
  `user_id` int(10) UNSIGNED NOT NULL,
  `tutor_id` int(10) UNSIGNED NOT NULL,
  `tutor_request_id` int(11) NOT NULL,
  `start` datetime NOT NULL,
  `end` datetime DEFAULT NULL,
  `created_at` timestamp NULL DEFAULT NULL,
  `updated_at` timestamp NULL DEFAULT NULL
) ENGINE=InnoDB DEFAULT CHARSET=utf8mb4 COLLATE=utf8mb4_unicode_ci;

-- --------------------------------------------------------

--
-- Table structure for table `tutor_applications`
--

CREATE TABLE `tutor_applications` (
  `id` int(10) UNSIGNED NOT NULL,
  `fullname` varchar(255) COLLATE utf8mb4_unicode_ci NOT NULL,
  `email` varchar(255) COLLATE utf8mb4_unicode_ci NOT NULL,
  `cv` varchar(255) COLLATE utf8mb4_unicode_ci NOT NULL,
  `phone` varchar(255) COLLATE utf8mb4_unicode_ci NOT NULL,
  `status` enum('pending','approved','disapproved') COLLATE utf8mb4_unicode_ci NOT NULL DEFAULT 'pending',
  `created_at` timestamp NULL DEFAULT NULL,
  `updated_at` timestamp NULL DEFAULT NULL
) ENGINE=InnoDB DEFAULT CHARSET=utf8mb4 COLLATE=utf8mb4_unicode_ci;

--
-- Dumping data for table `tutor_applications`
--

INSERT INTO `tutor_applications` (`id`, `fullname`, `email`, `cv`, `phone`, `status`, `created_at`, `updated_at`) VALUES
(1, 'Gift', 'blgnbalogun@gmail.com', 'uploads/1570692521rAsYpdf', '08027237396', 'approved', '2019-10-10 06:28:41', '2019-10-10 06:28:41'),
(2, 'cccccccc', 'c@gmail.com', 'uploads/1570748225GSyYpdf', 'ccccccccccccccccccccc', 'pending', '2019-10-10 21:57:05', '2019-10-10 21:57:05'),
(3, 'bbbbbbbbbbbbbbbbbbbbbb', 'gift@gmail.com', 'uploads/1570863691MQSmpdf', '08027237396', 'pending', '2019-10-12 06:01:31', '2019-10-12 06:01:31');

-- --------------------------------------------------------

--
-- Table structure for table `tutor_requests`
--

CREATE TABLE `tutor_requests` (
  `id` int(10) UNSIGNED NOT NULL,
  `client_id` int(10) UNSIGNED DEFAULT NULL,
  `name` varchar(255) COLLATE utf8mb4_unicode_ci DEFAULT NULL,
  `email` varchar(255) COLLATE utf8mb4_unicode_ci DEFAULT NULL,
  `phone` varchar(255) COLLATE utf8mb4_unicode_ci DEFAULT NULL,
  `address` varchar(255) COLLATE utf8mb4_unicode_ci DEFAULT NULL,
  `tutor_id` int(10) UNSIGNED NOT NULL,
  `tutorial_type` enum('home','online') COLLATE utf8mb4_unicode_ci NOT NULL DEFAULT 'home',
  `status` enum('pending','approved','disapproved') COLLATE utf8mb4_unicode_ci NOT NULL DEFAULT 'approved',
  `package_id` int(10) UNSIGNED NOT NULL,
  `duration_type` enum('day','week','month','year','hour') COLLATE utf8mb4_unicode_ci NOT NULL,
  `duration_amount` int(10) UNSIGNED NOT NULL,
  `number_of_children` int(10) UNSIGNED DEFAULT NULL,
  `created_at` timestamp NULL DEFAULT NULL,
  `updated_at` timestamp NULL DEFAULT NULL
) ENGINE=InnoDB DEFAULT CHARSET=utf8mb4 COLLATE=utf8mb4_unicode_ci;

-- --------------------------------------------------------

--
-- Table structure for table `users`
--

CREATE TABLE `users` (
  `id` int(10) UNSIGNED NOT NULL,
  `name` varchar(255) COLLATE utf8mb4_unicode_ci NOT NULL,
  `email` varchar(255) COLLATE utf8mb4_unicode_ci NOT NULL,
  `email_verified_at` timestamp NULL DEFAULT NULL,
  `dob` date DEFAULT NULL,
  `phone` varchar(255) COLLATE utf8mb4_unicode_ci DEFAULT NULL,
  `address` varchar(255) COLLATE utf8mb4_unicode_ci DEFAULT NULL,
  `description` text COLLATE utf8mb4_unicode_ci DEFAULT NULL,
  `operating_regions` varchar(255) COLLATE utf8mb4_unicode_ci DEFAULT NULL,
  `password` varchar(255) COLLATE utf8mb4_unicode_ci NOT NULL,
  `profile_image` varchar(255) COLLATE utf8mb4_unicode_ci DEFAULT NULL,
  `status` enum('enabled','disabled') COLLATE utf8mb4_unicode_ci NOT NULL DEFAULT 'enabled',
  `remember_token` varchar(100) COLLATE utf8mb4_unicode_ci DEFAULT NULL,
  `created_at` timestamp NULL DEFAULT NULL,
  `updated_at` timestamp NULL DEFAULT NULL
) ENGINE=InnoDB DEFAULT CHARSET=utf8mb4 COLLATE=utf8mb4_unicode_ci;

--
-- Dumping data for table `users`
--

INSERT INTO `users` (`id`, `name`, `email`, `email_verified_at`, `dob`, `phone`, `address`, `description`, `operating_regions`, `password`, `profile_image`, `status`, `remember_token`, `created_at`, `updated_at`) VALUES
(1, 'Fanan Dala', 'fanan.dala@yahoo.com', NULL, NULL, NULL, NULL, NULL, NULL, '$2y$10$jHlucNo9RyehMciADVYUIebDqK/JFpkdgbd55uMMEej8QDOKyisq6', NULL, 'enabled', NULL, '2019-09-29 20:06:59', '2019-09-29 20:06:59'),
(2, 'Ben Mike', 'ben123@yahoo.com', NULL, NULL, NULL, NULL, NULL, 'Lekki, Ajah, VGC', '$2y$10$lLGFXsZERM4WYXNyUYoVLOV8iyz8xwS6eZj3iHjBcOh6nfR5GTcMu', 'master/images/stock/tutor2.jpeg', 'enabled', NULL, '2019-09-29 20:07:00', '2019-09-29 20:07:00'),
(5, 'Gift Balogun', 'blgnbalogun53@gmail.com', NULL, NULL, '08027237396', 'Covenant University', NULL, NULL, '$2y$10$.HDgclwkHEOjJtwFx2oyD.tAFA2YLrQrDxhSR1P.73.2uNgYBGiCu', NULL, 'enabled', 'AvgoU3t3Wf96x5pblzfPG9Eov7uFWdG9GvCGT2jA6BYzeQbhzwFYBx2NaK3Q', '2019-10-10 07:36:02', '2019-10-10 07:36:02'),
(6, 'Kelvin Balogun', 'blgnbalogun@gmail.com', NULL, NULL, '08122787177', 'Covenant University', NULL, NULL, '$2y$10$IdVJTGj0eByia0bQHff7qOs3EjxFntjUmjyDAz7YhWBH03zpMIxcy', NULL, 'enabled', 'dwhQutlGOEB0qkB6NCPwk9afOIquYTCMlgquGH65jMaEvL9JnDcy1bOIBM0K', '2019-10-10 07:52:58', '2019-10-10 07:52:58'),
(7, 'Dance', 'tolucomedia@gmail.com', NULL, NULL, '08027237396', 'CU', NULL, NULL, '$2y$10$ehpVH7ig0eFjLiE4iwNS4.GkBBxpm7mw6Djw5T9vwQ/02lRJ7VTle', NULL, 'enabled', NULL, '2019-10-10 19:07:38', '2019-10-10 19:07:38');

--
-- Indexes for dumped tables
--

--
-- Indexes for table `lgas`
--
ALTER TABLE `lgas`
  ADD PRIMARY KEY (`id`),
  ADD KEY `lgas_state_id_foreign` (`state_id`);

--
-- Indexes for table `metas`
--
ALTER TABLE `metas`
  ADD PRIMARY KEY (`id`);

--
-- Indexes for table `migrations`
--
ALTER TABLE `migrations`
  ADD PRIMARY KEY (`id`);

--
-- Indexes for table `model_has_permissions`
--
ALTER TABLE `model_has_permissions`
  ADD PRIMARY KEY (`permission_id`,`model_id`,`model_type`),
  ADD KEY `model_has_permissions_model_id_model_type_index` (`model_id`,`model_type`);

--
-- Indexes for table `model_has_roles`
--
ALTER TABLE `model_has_roles`
  ADD PRIMARY KEY (`role_id`,`model_id`,`model_type`),
  ADD KEY `model_has_roles_model_id_model_type_index` (`model_id`,`model_type`);

--
-- Indexes for table `oauth_access_tokens`
--
ALTER TABLE `oauth_access_tokens`
  ADD PRIMARY KEY (`id`),
  ADD KEY `oauth_access_tokens_user_id_index` (`user_id`);

--
-- Indexes for table `oauth_auth_codes`
--
ALTER TABLE `oauth_auth_codes`
  ADD PRIMARY KEY (`id`);

--
-- Indexes for table `oauth_clients`
--
ALTER TABLE `oauth_clients`
  ADD PRIMARY KEY (`id`),
  ADD KEY `oauth_clients_user_id_index` (`user_id`);

--
-- Indexes for table `oauth_personal_access_clients`
--
ALTER TABLE `oauth_personal_access_clients`
  ADD PRIMARY KEY (`id`),
  ADD KEY `oauth_personal_access_clients_client_id_index` (`client_id`);

--
-- Indexes for table `oauth_refresh_tokens`
--
ALTER TABLE `oauth_refresh_tokens`
  ADD PRIMARY KEY (`id`),
  ADD KEY `oauth_refresh_tokens_access_token_id_index` (`access_token_id`);

--
-- Indexes for table `packages`
--
ALTER TABLE `packages`
  ADD PRIMARY KEY (`id`);

--
-- Indexes for table `package_lga_prices`
--
ALTER TABLE `package_lga_prices`
  ADD PRIMARY KEY (`id`);

--
-- Indexes for table `package_state_prices`
--
ALTER TABLE `package_state_prices`
  ADD PRIMARY KEY (`id`);

--
-- Indexes for table `password_resets`
--
ALTER TABLE `password_resets`
  ADD KEY `password_resets_email_index` (`email`);

--
-- Indexes for table `payments`
--
ALTER TABLE `payments`
  ADD PRIMARY KEY (`id`);

--
-- Indexes for table `permissions`
--
ALTER TABLE `permissions`
  ADD PRIMARY KEY (`id`);

--
-- Indexes for table `roles`
--
ALTER TABLE `roles`
  ADD PRIMARY KEY (`id`);

--
-- Indexes for table `role_has_permissions`
--
ALTER TABLE `role_has_permissions`
  ADD PRIMARY KEY (`permission_id`,`role_id`),
  ADD KEY `role_has_permissions_role_id_foreign` (`role_id`);

--
-- Indexes for table `states`
--
ALTER TABLE `states`
  ADD PRIMARY KEY (`id`);

--
-- Indexes for table `subscriptions`
--
ALTER TABLE `subscriptions`
  ADD PRIMARY KEY (`id`);

--
-- Indexes for table `tutor_applications`
--
ALTER TABLE `tutor_applications`
  ADD PRIMARY KEY (`id`),
  ADD UNIQUE KEY `tutor_applications_email_unique` (`email`);

--
-- Indexes for table `tutor_requests`
--
ALTER TABLE `tutor_requests`
  ADD PRIMARY KEY (`id`);

--
-- Indexes for table `users`
--
ALTER TABLE `users`
  ADD PRIMARY KEY (`id`),
  ADD UNIQUE KEY `users_email_unique` (`email`);

--
-- AUTO_INCREMENT for dumped tables
--

--
-- AUTO_INCREMENT for table `lgas`
--
ALTER TABLE `lgas`
  MODIFY `id` int(10) UNSIGNED NOT NULL AUTO_INCREMENT, AUTO_INCREMENT=775;

--
-- AUTO_INCREMENT for table `metas`
--
ALTER TABLE `metas`
  MODIFY `id` int(10) UNSIGNED NOT NULL AUTO_INCREMENT, AUTO_INCREMENT=2;

--
-- AUTO_INCREMENT for table `migrations`
--
ALTER TABLE `migrations`
  MODIFY `id` int(10) UNSIGNED NOT NULL AUTO_INCREMENT, AUTO_INCREMENT=19;

--
-- AUTO_INCREMENT for table `oauth_clients`
--
ALTER TABLE `oauth_clients`
  MODIFY `id` int(10) UNSIGNED NOT NULL AUTO_INCREMENT;

--
-- AUTO_INCREMENT for table `oauth_personal_access_clients`
--
ALTER TABLE `oauth_personal_access_clients`
  MODIFY `id` int(10) UNSIGNED NOT NULL AUTO_INCREMENT;

--
-- AUTO_INCREMENT for table `packages`
--
ALTER TABLE `packages`
  MODIFY `id` int(10) UNSIGNED NOT NULL AUTO_INCREMENT, AUTO_INCREMENT=13;

--
-- AUTO_INCREMENT for table `package_lga_prices`
--
ALTER TABLE `package_lga_prices`
  MODIFY `id` int(10) UNSIGNED NOT NULL AUTO_INCREMENT, AUTO_INCREMENT=2;

--
-- AUTO_INCREMENT for table `package_state_prices`
--
ALTER TABLE `package_state_prices`
  MODIFY `id` int(10) UNSIGNED NOT NULL AUTO_INCREMENT, AUTO_INCREMENT=2;

--
-- AUTO_INCREMENT for table `payments`
--
ALTER TABLE `payments`
  MODIFY `id` int(10) UNSIGNED NOT NULL AUTO_INCREMENT;

--
-- AUTO_INCREMENT for table `permissions`
--
ALTER TABLE `permissions`
  MODIFY `id` int(10) UNSIGNED NOT NULL AUTO_INCREMENT, AUTO_INCREMENT=5;

--
-- AUTO_INCREMENT for table `roles`
--
ALTER TABLE `roles`
  MODIFY `id` int(10) UNSIGNED NOT NULL AUTO_INCREMENT, AUTO_INCREMENT=4;

--
-- AUTO_INCREMENT for table `states`
--
ALTER TABLE `states`
  MODIFY `id` int(10) UNSIGNED NOT NULL AUTO_INCREMENT, AUTO_INCREMENT=38;

--
-- AUTO_INCREMENT for table `subscriptions`
--
ALTER TABLE `subscriptions`
  MODIFY `id` int(10) UNSIGNED NOT NULL AUTO_INCREMENT;

--
-- AUTO_INCREMENT for table `tutor_applications`
--
ALTER TABLE `tutor_applications`
  MODIFY `id` int(10) UNSIGNED NOT NULL AUTO_INCREMENT, AUTO_INCREMENT=4;

--
-- AUTO_INCREMENT for table `tutor_requests`
--
ALTER TABLE `tutor_requests`
  MODIFY `id` int(10) UNSIGNED NOT NULL AUTO_INCREMENT;

--
-- AUTO_INCREMENT for table `users`
--
ALTER TABLE `users`
  MODIFY `id` int(10) UNSIGNED NOT NULL AUTO_INCREMENT, AUTO_INCREMENT=8;

--
-- Constraints for dumped tables
--

--
-- Constraints for table `lgas`
--
ALTER TABLE `lgas`
  ADD CONSTRAINT `lgas_state_id_foreign` FOREIGN KEY (`state_id`) REFERENCES `states` (`id`) ON DELETE CASCADE ON UPDATE CASCADE;

--
-- Constraints for table `model_has_permissions`
--
ALTER TABLE `model_has_permissions`
  ADD CONSTRAINT `model_has_permissions_permission_id_foreign` FOREIGN KEY (`permission_id`) REFERENCES `permissions` (`id`) ON DELETE CASCADE;

--
-- Constraints for table `model_has_roles`
--
ALTER TABLE `model_has_roles`
  ADD CONSTRAINT `model_has_roles_role_id_foreign` FOREIGN KEY (`role_id`) REFERENCES `roles` (`id`) ON DELETE CASCADE;

--
-- Constraints for table `role_has_permissions`
--
ALTER TABLE `role_has_permissions`
  ADD CONSTRAINT `role_has_permissions_permission_id_foreign` FOREIGN KEY (`permission_id`) REFERENCES `permissions` (`id`) ON DELETE CASCADE,
  ADD CONSTRAINT `role_has_permissions_role_id_foreign` FOREIGN KEY (`role_id`) REFERENCES `roles` (`id`) ON DELETE CASCADE;
COMMIT;

/*!40101 SET CHARACTER_SET_CLIENT=@OLD_CHARACTER_SET_CLIENT */;
/*!40101 SET CHARACTER_SET_RESULTS=@OLD_CHARACTER_SET_RESULTS */;
/*!40101 SET COLLATION_CONNECTION=@OLD_COLLATION_CONNECTION */;
